n;sim;p;comp.sign;red.null.p;IE.belief.age.p;IE.belief.age.sign;red.null.sign
108;1;2,43266066164010e-02;TRUE;4,61217554886986e-03;2,72478499342987e-02;TRUE;TRUE
108;2;4,33512541431392e-04;TRUE;2,46207210105303e-03;2,06384916426000e-04;TRUE;TRUE
108;3;2,72267195349416e-03;TRUE;2,03506885279782e-04;2,25601796984798e-03;TRUE;TRUE
108;4;2,46236784850080e-03;TRUE;2,97088622993220e-07;1,88250803245329e-03;TRUE;TRUE
108;5;2,12509896065654e-02;TRUE;3,84737620242721e-05;1,78051754756935e-02;TRUE;TRUE
108;6;1,29358775167817e-04;TRUE;1,56375264607182e-03;2,41387377972590e-04;TRUE;TRUE
108;7;8,62549936136178e-03;TRUE;5,50616191880290e-05;8,93293354431514e-03;TRUE;TRUE
108;8;2,96074356606098e-02;TRUE;4,03693962176915e-04;3,15919857004071e-02;TRUE;TRUE
108;9;2,08037458513987e-01;FALSE;1,40501132236728e-06;2,12214529497889e-01;FALSE;TRUE
108;10;1,90563706842261e-02;TRUE;2,05987040644314e-04;2,29642385876767e-02;TRUE;TRUE
108;11;1,90170306814809e-04;TRUE;3,38768673339992e-05;2,19654785100278e-04;TRUE;TRUE
108;12;3,88961971527098e-03;TRUE;4,76462389739467e-05;4,74624973890263e-03;TRUE;TRUE
108;13;2,05606523561568e-02;TRUE;3,02502050469299e-04;1,87329247351786e-02;TRUE;TRUE
108;14;3,08273558591828e-04;TRUE;4,25233822339163e-04;1,02832287530048e-04;TRUE;TRUE
108;15;5,41450143500227e-03;TRUE;4,05890589107598e-04;0,00000000000000e+00;TRUE;TRUE
108;16;3,42394044842601e-04;TRUE;1,27278744532249e-06;2,07291028374934e-04;TRUE;TRUE
108;17;3,84357318552754e-01;FALSE;5,80954823330350e-03;3,54267915896682e-01;FALSE;TRUE
108;18;3,11949780685320e-02;TRUE;9,04260247025245e-05;3,13431062137984e-02;TRUE;TRUE
108;19;2,84404393030503e-03;TRUE;1,40116432219069e-06;0,00000000000000e+00;TRUE;TRUE
108;20;6,04246147553859e-04;TRUE;1,35521984158788e-06;2,54634741968583e-04;TRUE;TRUE
108;21;2,02088356133506e-02;TRUE;3,26940585295326e-06;0,00000000000000e+00;TRUE;TRUE
108;22;4,04208585853029e-01;FALSE;4,73137168183965e-06;3,91426117109923e-01;FALSE;TRUE
108;23;7,26360012154631e-02;FALSE;2,11438568212427e-06;7,51851678157922e-02;FALSE;TRUE
108;24;1,23993470980574e-02;TRUE;1,06315275549250e-02;7,21401908032761e-03;TRUE;TRUE
108;25;1,69523787056897e-04;TRUE;2,37182018213361e-02;1,52008910928435e-04;TRUE;TRUE
108;26;3,66601067805897e-01;FALSE;2,14157304112409e-05;3,59130693439215e-01;FALSE;TRUE
108;27;9,49082903665902e-03;TRUE;1,57410911142079e-04;0,00000000000000e+00;TRUE;TRUE
108;28;6,78882978933152e-04;TRUE;8,82070853394189e-03;0,00000000000000e+00;TRUE;TRUE
108;29;3,76569207901865e-02;TRUE;2,25952782515717e-03;3,25466957510341e-02;TRUE;TRUE
108;30;3,94897758803243e-05;TRUE;1,92894204392930e-03;0,00000000000000e+00;TRUE;TRUE
108;31;3,14603882017893e-01;FALSE;3,89797243628263e-05;3,15360714565955e-01;FALSE;TRUE
108;32;4,02831748269361e-01;FALSE;3,74977663884279e-04;4,02347757998305e-01;FALSE;TRUE
108;33;1,57351025275724e-02;TRUE;2,15155154017860e-06;0,00000000000000e+00;TRUE;TRUE
108;34;5,42396779315210e-03;TRUE;5,03251160320826e-04;6,96909499349872e-03;TRUE;TRUE
108;35;1,25551396527619e-03;TRUE;8,42656352499957e-02;2,34436590067393e-03;TRUE;FALSE
108;36;3,46012491770852e-01;FALSE;1,43720170407412e-08;3,39792188293286e-01;FALSE;TRUE
108;37;4,51633342171379e-03;TRUE;1,35491253142122e-03;5,89100341914569e-03;TRUE;TRUE
108;38;4,71241377263092e-02;TRUE;1,18298319697428e-03;0,00000000000000e+00;TRUE;TRUE
108;39;2,06323313635077e-02;TRUE;1,93690216103494e-05;1,56148669057390e-02;TRUE;TRUE
108;40;1,05320673533419e-02;TRUE;3,72676786914462e-02;6,41063200478429e-03;TRUE;TRUE
108;41;8,06940374734999e-03;TRUE;2,98308271840464e-03;6,60440622776693e-03;TRUE;TRUE
108;42;1,56801696339782e-02;TRUE;9,96746683423399e-05;1,53841806994189e-02;TRUE;TRUE
108;43;4,73217374879465e-01;FALSE;1,64811393725321e-03;4,59871601263174e-01;FALSE;TRUE
108;44;9,91544688822478e-05;TRUE;2,95950711136134e-03;7,67206958199810e-05;TRUE;TRUE
108;45;3,38531375778547e-01;FALSE;2,45871261786555e-03;3,32114989739267e-01;FALSE;TRUE
108;46;1,12436109143195e-02;TRUE;8,19581791775798e-04;5,92190692856543e-03;TRUE;TRUE
108;47;1,16256039779169e-03;TRUE;1,02806469614579e-05;1,36093789971013e-03;TRUE;TRUE
108;48;5,08994936736689e-03;TRUE;3,61480865915609e-03;0,00000000000000e+00;TRUE;TRUE
108;49;2,04905110704925e-03;TRUE;1,15984781832118e-05;2,10408844302198e-03;TRUE;TRUE
108;50;1,91954164953656e-05;TRUE;9,89263782063408e-06;9,93055093461787e-06;TRUE;TRUE
108;51;9,99781839503824e-02;FALSE;2,49998327560084e-06;9,58243312879427e-02;FALSE;TRUE
108;52;2,51097278601350e-03;TRUE;1,05095960756816e-04;1,90009880749365e-03;TRUE;TRUE
108;53;2,45158482808118e-01;FALSE;1,02791713139839e-02;0,00000000000000e+00;TRUE;TRUE
108;54;1,38439914900266e-02;TRUE;1,43291614700424e-04;1,40363945381710e-02;TRUE;TRUE
108;55;1,05893212544237e-06;TRUE;4,04406563264979e-06;5,62999372181249e-07;TRUE;TRUE
108;56;1,92789042838483e-01;FALSE;2,43806331519092e-04;1,89584521903336e-01;FALSE;TRUE
108;57;1,94574901032371e-03;TRUE;6,47812769909406e-03;0,00000000000000e+00;TRUE;TRUE
108;58;3,96741966454999e-04;TRUE;1,85924599949081e-04;4,42395972526429e-04;TRUE;TRUE
108;59;1,33296466861482e-02;TRUE;8,11595300015277e-02;0,00000000000000e+00;TRUE;FALSE
108;60;8,17847666657104e-04;TRUE;4,96151582779811e-04;1,20372807523260e-03;TRUE;TRUE
108;61;1,22634577235180e-04;TRUE;1,06593396513861e-04;2,14644471916984e-04;TRUE;TRUE
108;62;6,10327287512514e-03;TRUE;1,65351382967554e-02;5,99917031991496e-03;TRUE;TRUE
108;63;1,08123080882631e-02;TRUE;1,18340501446320e-02;8,82902796380169e-03;TRUE;TRUE
108;64;7,63709089766265e-02;FALSE;1,25916163202037e-04;0,00000000000000e+00;TRUE;TRUE
108;65;5,41121892769144e-03;TRUE;2,42329266371337e-04;5,63912551680547e-03;TRUE;TRUE
108;66;5,21086197878467e-04;TRUE;6,45549887170623e-06;2,61275321450965e-04;TRUE;TRUE
108;67;7,92125669911076e-02;FALSE;7,86796826976431e-07;6,75762793025704e-02;FALSE;TRUE
108;68;4,83488765099309e-02;TRUE;1,10209843742794e-06;4,09608564516297e-02;TRUE;TRUE
108;69;1,08244307222448e-03;TRUE;1,71184448537559e-05;0,00000000000000e+00;TRUE;TRUE
108;70;8,32643219276200e-03;TRUE;6,25128844509860e-05;7,89977431487962e-03;TRUE;TRUE
108;71;2,46879665222389e-03;TRUE;2,50158793708696e-03;2,26504863875714e-03;TRUE;TRUE
108;72;6,73757411816569e-03;TRUE;1,76707613216905e-04;6,35524197534715e-03;TRUE;TRUE
108;73;2,10209863921848e-02;TRUE;1,16715200313998e-02;1,73119902146223e-02;TRUE;TRUE
108;74;2,40119018774756e-02;TRUE;1,75105978216228e-02;2,54990230934316e-02;TRUE;TRUE
108;75;1,86982748196727e-04;TRUE;5,14224760417650e-07;1,89146762695347e-04;TRUE;TRUE
108;76;5,43644916925622e-02;FALSE;3,08737432538880e-08;4,68086331354716e-02;TRUE;TRUE
108;77;2,97676750284258e-05;TRUE;7,55345644871428e-07;2,34352894172992e-05;TRUE;TRUE
108;78;3,07683063579962e-02;TRUE;6,46449505345359e-08;2,28660353853448e-02;TRUE;TRUE
108;79;1,32509346661103e-03;TRUE;1,10325557000382e-05;8,36440622747688e-04;TRUE;TRUE
108;80;6,19450471285738e-02;FALSE;8,80322596729967e-07;6,58941771045820e-02;FALSE;TRUE
108;81;7,71862449173508e-01;FALSE;2,79506544214434e-04;0,00000000000000e+00;TRUE;TRUE
108;82;1,44748979066700e-06;TRUE;1,43533745401242e-03;7,54804253086686e-06;TRUE;TRUE
108;83;5,93399855052785e-04;TRUE;1,14014216056816e-02;4,37777379393174e-04;TRUE;TRUE
108;84;3,66564388071379e-03;TRUE;7,42191221609877e-06;0,00000000000000e+00;TRUE;TRUE
108;85;1,60845515483009e-03;TRUE;3,68128356776311e-06;1,76280550610198e-03;TRUE;TRUE
108;86;7,63871242915197e-06;TRUE;5,31125169017007e-03;1,85898270588210e-05;TRUE;TRUE
108;87;3,39554977262213e-03;TRUE;1,05897523668129e-04;2,04074581756293e-03;TRUE;TRUE
108;88;1,28024635330586e-06;TRUE;8,82026104762421e-04;6,05678715525036e-06;TRUE;TRUE
108;89;7,32212350755871e-08;TRUE;2,24112768130038e-02;6,19056846184470e-07;TRUE;TRUE
108;90;3,44215902723375e-05;TRUE;1,38678015837440e-05;5,13178010595923e-05;TRUE;TRUE
108;91;4,93667097118173e-04;TRUE;5,41558045187405e-08;1,97996100751420e-04;TRUE;TRUE
108;92;1,11058054252697e-04;TRUE;1,05246585402238e-04;1,59701936760712e-04;TRUE;TRUE
108;93;2,10444980465613e-03;TRUE;4,24383736461624e-02;2,15224102322318e-03;TRUE;TRUE
108;94;1,02510684241608e-02;TRUE;6,51746170859798e-10;7,88393221234837e-03;TRUE;TRUE
108;95;3,11068059675478e-03;TRUE;7,94669177292168e-05;2,67158978296533e-03;TRUE;TRUE
108;96;7,06702805342819e-02;FALSE;3,93480948445716e-04;6,37826203928038e-02;FALSE;TRUE
108;97;5,68856327854421e-04;TRUE;1,64968630511689e-04;0,00000000000000e+00;TRUE;TRUE
108;98;1,73728939364153e-03;TRUE;2,35128585038556e-05;1,86959746952067e-03;TRUE;TRUE
108;99;2,23966319625728e-03;TRUE;2,89169037979150e-05;0,00000000000000e+00;TRUE;TRUE
108;100;9,04023444009599e-02;FALSE;3,67299024969175e-05;9,16039064201344e-02;FALSE;TRUE
108;101;4,30793543474586e-04;TRUE;7,56661477224032e-04;6,61428046242511e-04;TRUE;TRUE
108;102;6,43533434203756e-06;TRUE;1,10005113305803e-01;5,16446689644126e-05;TRUE;FALSE
108;103;1,51642180999989e-05;TRUE;2,69844152061483e-05;0,00000000000000e+00;TRUE;TRUE
108;104;7,35791073699840e-02;FALSE;4,62429828211113e-09;6,85017538650306e-02;FALSE;TRUE
108;105;9,18418520946973e-02;FALSE;2,72423709613293e-09;7,44463213029816e-02;FALSE;TRUE
108;106;1,42628560318705e-03;TRUE;3,99941801442683e-06;9,48172372831604e-04;TRUE;TRUE
108;107;1,01718688190761e-05;TRUE;4,97523467991073e-05;2,40294942473151e-05;TRUE;TRUE
108;108;8,01733363970919e-03;TRUE;1,65087725124802e-03;7,03478843657342e-03;TRUE;TRUE
108;109;1,82069834203568e-03;TRUE;1,88215805088805e-04;1,52555878909242e-03;TRUE;TRUE
108;110;1,66264685680414e-06;TRUE;8,69402512641217e-06;1,86435763507772e-06;TRUE;TRUE
108;111;2,27599969739516e-03;TRUE;6,60594682313944e-03;2,05042010082364e-03;TRUE;TRUE
108;112;2,96684741582070e-03;TRUE;1,53364808139008e-04;1,63023788939492e-03;TRUE;TRUE
108;113;4,71859298718349e-02;TRUE;1,14558370511473e-03;4,32384812137460e-02;TRUE;TRUE
108;114;5,28351392568684e-03;TRUE;1,53483807307822e-02;0,00000000000000e+00;TRUE;TRUE
108;115;4,98976776279205e-05;TRUE;4,22369564468975e-05;2,63985056811955e-05;TRUE;TRUE
108;116;7,72999851850821e-02;FALSE;3,23029692558630e-08;6,50836837886377e-02;FALSE;TRUE
108;117;1,40161401996308e-03;TRUE;4,81459004997064e-04;9,20594148344681e-04;TRUE;TRUE
108;118;7,31777833483408e-04;TRUE;1,86996938423432e-07;5,76280744473802e-04;TRUE;TRUE
108;119;1,69508150379189e-01;FALSE;6,10994974831098e-05;1,67557015272168e-01;FALSE;TRUE
108;120;3,10961629995153e-02;TRUE;7,09119083431662e-09;2,90923900167856e-02;TRUE;TRUE
108;121;7,43302762764906e-02;FALSE;4,09563133124805e-04;7,84878306430825e-02;FALSE;TRUE
108;122;7,04222694358224e-05;TRUE;1,61994952755316e-02;3,48221707876489e-05;TRUE;TRUE
108;123;5,67079251128852e-02;FALSE;2,87397153031492e-08;4,83401081771052e-02;TRUE;TRUE
108;124;3,40112890036131e-04;TRUE;1,67018632682365e-05;4,29440819616560e-04;TRUE;TRUE
108;125;6,39772111254909e-03;TRUE;2,40129031035415e-08;3,02547960408994e-03;TRUE;TRUE
108;126;2,03591292236834e-02;TRUE;6,03629501306486e-10;1,51361834179295e-02;TRUE;TRUE
108;127;4,26523660796222e-03;TRUE;2,26641257691377e-02;5,26611506864094e-03;TRUE;TRUE
108;128;1,54805703584305e-01;FALSE;1,16676976055915e-03;1,36516451151063e-01;FALSE;TRUE
108;129;3,51434288308010e-05;TRUE;1,38516681261243e-07;1,37049885754000e-05;TRUE;TRUE
108;130;6,48336221459508e-04;TRUE;6,30230981476120e-03;5,93544197465927e-04;TRUE;TRUE
108;131;9,19571577263916e-01;FALSE;1,01655160255966e-05;9,18938674002746e-01;FALSE;TRUE
108;132;2,24301629669795e-03;TRUE;2,59810088937634e-01;2,80434384900089e-03;TRUE;FALSE
108;133;6,37059327771698e-03;TRUE;3,29183874064521e-06;5,05997323682917e-03;TRUE;TRUE
108;134;3,01334926456427e-04;TRUE;5,68330173484244e-03;3,07868532304465e-04;TRUE;TRUE
108;135;1,19630158054800e-02;TRUE;3,04604959090167e-07;1,18211828354041e-02;TRUE;TRUE
108;136;1,50271766450436e-04;TRUE;1,35601180271702e-04;1,62007953255214e-04;TRUE;TRUE
108;137;8,10655640913876e-01;FALSE;3,79923511706103e-03;8,08274902263191e-01;FALSE;TRUE
108;138;1,04194949677337e-01;FALSE;9,12028508760596e-05;9,89381749306120e-02;FALSE;TRUE
108;139;2,07369055778115e-05;TRUE;8,39673912159433e-02;0,00000000000000e+00;TRUE;FALSE
108;140;2,44436023176327e-01;FALSE;1,59462421332075e-03;2,47689991782468e-01;FALSE;TRUE
108;141;7,73538431738806e-02;FALSE;1,49939496790791e-03;7,58302908061579e-02;FALSE;TRUE
108;142;6,54125359748027e-02;FALSE;4,14494345045236e-05;5,40881387572508e-02;FALSE;TRUE
108;143;2,30771041215077e-03;TRUE;3,83722892999499e-03;2,17773998656048e-03;TRUE;TRUE
108;144;4,52483654276047e-03;TRUE;1,70670668127920e-02;4,32815836378021e-03;TRUE;TRUE
108;145;5,57308951284885e-06;TRUE;2,10784109342268e-06;4,45199958709067e-06;TRUE;TRUE
108;146;1,34807466234355e-04;TRUE;2,83776428678984e-03;2,22651932620184e-04;TRUE;TRUE
108;147;6,43488038037883e-03;TRUE;4,36904053206593e-06;8,44667031468988e-03;TRUE;TRUE
108;148;1,88236251247181e-02;TRUE;2,50586886757623e-03;1,60301771894938e-02;TRUE;TRUE
108;149;3,69240196172111e-04;TRUE;1,72201874540806e-04;2,46953158520804e-04;TRUE;TRUE
108;150;3,71415859266861e-04;TRUE;7,79116630498324e-07;1,48228320978110e-04;TRUE;TRUE
108;151;1,10230778899390e-02;TRUE;3,19542512364493e-05;9,02631697634159e-03;TRUE;TRUE
108;152;7,37050309788891e-04;TRUE;1,40843058460217e-05;5,46686110793175e-04;TRUE;TRUE
108;153;3,13257488814558e-03;TRUE;1,57660572120298e-03;2,22012037248802e-03;TRUE;TRUE
108;154;1,94781494125357e-01;FALSE;7,35338320819949e-07;1,96983638368267e-01;FALSE;TRUE
108;155;8,38833475365281e-02;FALSE;1,48978725714446e-04;7,73142397389091e-02;FALSE;TRUE
108;156;2,46793265674814e-02;TRUE;2,33897259288628e-05;0,00000000000000e+00;TRUE;TRUE
108;157;5,09160934795281e-06;TRUE;3,96666963655960e-05;4,95304484788186e-06;TRUE;TRUE
108;158;1,80272624603330e-02;TRUE;1,12990340422598e-03;1,85526520254820e-02;TRUE;TRUE
108;159;1,37015023308506e-02;TRUE;9,67859120340213e-03;1,15841514306420e-02;TRUE;TRUE
108;160;4,07172177761954e-03;TRUE;6,46343833023814e-08;3,48030231187976e-03;TRUE;TRUE
108;161;4,76665230884774e-02;TRUE;3,56144526898854e-06;4,34838919440433e-02;TRUE;TRUE
108;162;8,51840478040741e-03;TRUE;3,60770244856511e-04;7,78520822674659e-03;TRUE;TRUE
108;163;1,85673939531659e-03;TRUE;1,93690894900929e-04;1,78961421610618e-03;TRUE;TRUE
108;164;2,11226894903700e-04;TRUE;6,35037259012421e-06;2,55180762012539e-04;TRUE;TRUE
108;165;1,11383374697372e-06;TRUE;7,66081065369797e-03;1,49208601962423e-06;TRUE;TRUE
108;166;2,01082613386428e-03;TRUE;3,00100299440429e-05;1,72270813285851e-03;TRUE;TRUE
108;167;4,98968529435962e-07;TRUE;2,23737502917444e-05;1,11156474366180e-06;TRUE;TRUE
108;168;1,69439983339229e-03;TRUE;1,18963419736930e-04;4,86153305544829e-04;TRUE;TRUE
108;169;5,98950603527821e-02;FALSE;2,96409068127234e-05;5,45037078265034e-02;FALSE;TRUE
108;170;1,92064934185668e-03;TRUE;5,55171668492383e-03;2,30713052250243e-03;TRUE;TRUE
108;171;8,00983153841859e-02;FALSE;1,46792513362194e-06;7,05231779790235e-02;FALSE;TRUE
108;172;1,00201328046327e-01;FALSE;1,52106787991457e-04;8,92987313535220e-02;FALSE;TRUE
108;173;9,55297772084524e-05;TRUE;1,25064278676495e-03;1,25444069171636e-04;TRUE;TRUE
108;174;2,94854398104187e-02;TRUE;2,05579631110898e-04;2,01116448026560e-02;TRUE;TRUE
108;175;1,25262671519605e-01;FALSE;1,94802712653118e-02;1,20004122760441e-01;FALSE;TRUE
108;176;9,97453757169233e-04;TRUE;9,11690024882870e-04;9,24769402048710e-04;TRUE;TRUE
108;177;4,65153676886990e-01;FALSE;2,03657539731371e-05;4,60584344432830e-01;FALSE;TRUE
108;178;1,15164850574946e-03;TRUE;1,99792013228214e-03;9,40773641413968e-04;TRUE;TRUE
108;179;1,02708659492688e-05;TRUE;1,43748822768937e-04;1,95276354908692e-05;TRUE;TRUE
108;180;1,15261807596884e-04;TRUE;1,11295759586705e-02;4,58122818578668e-04;TRUE;TRUE
108;181;2,54162519306518e-02;TRUE;2,67546890066358e-03;1,94809768743194e-02;TRUE;TRUE
108;182;2,41367080875244e-04;TRUE;1,14089345191567e-03;1,78474041444015e-04;TRUE;TRUE
108;183;1,20151774286243e-04;TRUE;5,02182305475783e-02;9,28556489940089e-05;TRUE;FALSE
108;184;1,52799633933982e-03;TRUE;1,43795270194769e-06;1,06902212701262e-03;TRUE;TRUE
108;185;6,06313148269788e-03;TRUE;3,52314766022853e-06;2,89118470788108e-03;TRUE;TRUE
108;186;1,32307178247417e-04;TRUE;1,70212760132845e-07;9,71835935434650e-05;TRUE;TRUE
108;187;1,06937048377767e-05;TRUE;5,46643847847010e-02;4,97536943245872e-06;TRUE;FALSE
108;188;1,46264000911782e-03;TRUE;4,60853716735232e-04;1,53678009771259e-03;TRUE;TRUE
108;189;3,49885250655085e-03;TRUE;4,24171073941244e-04;4,89140034967670e-03;TRUE;TRUE
108;190;2,56023495214719e-03;TRUE;8,19037702415262e-05;0,00000000000000e+00;TRUE;TRUE
108;191;5,77296135028141e-03;TRUE;3,63723325633359e-03;0,00000000000000e+00;TRUE;TRUE
108;192;1,32805574818805e-06;TRUE;3,51494442444915e-02;1,64968732367340e-07;TRUE;TRUE
108;193;5,31260031391697e-03;TRUE;3,74895765379688e-05;4,62313841998590e-03;TRUE;TRUE
108;194;1,73860568702132e-01;FALSE;7,74654760951522e-05;1,73987119224793e-01;FALSE;TRUE
108;195;6,38190535469931e-02;FALSE;1,35793365243661e-07;6,68509326692456e-02;FALSE;TRUE
108;196;4,49746059666057e-01;FALSE;1,39938911563404e-06;4,46129247024486e-01;FALSE;TRUE
108;197;2,43961075125664e-01;FALSE;3,37893380691527e-07;2,20507132638790e-01;FALSE;TRUE
108;198;8,07689051733033e-03;TRUE;6,99841620337385e-07;5,74693329886242e-03;TRUE;TRUE
108;199;4,73893290136225e-02;TRUE;7,95093859243443e-06;3,85942687174743e-02;TRUE;TRUE
108;200;5,09993628240679e-02;FALSE;3,69024106197557e-05;4,34802907604881e-02;TRUE;TRUE
108;201;9,05392893640094e-07;TRUE;3,77172108015440e-03;4,22534072735468e-06;TRUE;TRUE
108;202;1,29699492179539e-02;TRUE;1,81277228929961e-01;2,53604198707820e-02;TRUE;FALSE
108;203;2,45993393672969e-05;TRUE;6,00595042153675e-03;1,84604233310001e-05;TRUE;TRUE
108;204;4,34177932863439e-01;FALSE;9,72891610713400e-05;4,26976955176126e-01;FALSE;TRUE
108;205;3,66138485642383e-03;TRUE;2,62280865585006e-07;0,00000000000000e+00;TRUE;TRUE
108;206;1,13153707573398e-03;TRUE;1,31054269844525e-10;4,37927972035448e-04;TRUE;TRUE
108;207;1,80971620736548e-04;TRUE;1,74235411590892e-09;2,27337575384067e-04;TRUE;TRUE
108;208;6,12249157420705e-06;TRUE;4,07741426936749e-10;1,71317803713768e-06;TRUE;TRUE
108;209;9,31254316589328e-02;FALSE;3,65205362468202e-04;8,90966999417910e-02;FALSE;TRUE
108;210;9,75781531536416e-04;TRUE;5,74758683783818e-06;8,64041096734670e-04;TRUE;TRUE
108;211;5,25182884545207e-03;TRUE;1,73296168311534e-05;0,00000000000000e+00;TRUE;TRUE
108;212;2,59214470684241e-02;TRUE;7,91343196436750e-05;0,00000000000000e+00;TRUE;TRUE
108;213;3,33135222024622e-02;TRUE;1,35209155485716e-06;2,46529195273175e-02;TRUE;TRUE
108;214;4,27353462768303e-01;FALSE;2,24439121965527e-03;4,26045550981844e-01;FALSE;TRUE
108;215;2,75382701238142e-02;TRUE;2,17964335572817e-04;2,42737410527338e-02;TRUE;TRUE
108;216;7,85478148865032e-03;TRUE;2,36697283878883e-03;6,96530373723907e-03;TRUE;TRUE
108;217;3,93844394846968e-03;TRUE;3,16426157628984e-07;2,90691252392361e-03;TRUE;TRUE
108;218;7,12373720865484e-02;FALSE;2,65529631407044e-04;6,50993693651395e-02;FALSE;TRUE
108;219;1,97312517393799e-03;TRUE;2,41770757217545e-05;1,22990701286947e-03;TRUE;TRUE
108;220;7,34834476195989e-05;TRUE;7,50261049780133e-04;6,07416464146076e-05;TRUE;TRUE
108;221;5,49512456139491e-03;TRUE;6,24134842426280e-04;0,00000000000000e+00;TRUE;TRUE
108;222;5,82289224777499e-04;TRUE;5,39851055686531e-06;0,00000000000000e+00;TRUE;TRUE
108;223;1,02196015398526e-03;TRUE;1,72552330866709e-05;1,07158378841092e-03;TRUE;TRUE
108;224;1,14859927088884e-02;TRUE;5,27215329256170e-08;1,10025612070741e-02;TRUE;TRUE
108;225;1,38213549298163e-02;TRUE;5,49886078698992e-06;1,56312155152840e-02;TRUE;TRUE
108;226;1,71362902770542e-02;TRUE;5,87317730802870e-06;1,47968370717008e-02;TRUE;TRUE
108;227;2,25132239951322e-03;TRUE;3,28566818466203e-06;9,76459671292626e-04;TRUE;TRUE
108;228;5,60024657949461e-03;TRUE;6,36578577313815e-06;0,00000000000000e+00;TRUE;TRUE
108;229;8,95135221403767e-03;TRUE;6,55333128842788e-04;5,30328416287872e-03;TRUE;TRUE
108;230;5,38804325695166e-01;FALSE;1,19974141001845e-03;5,26183333147590e-01;FALSE;TRUE
108;231;2,21397019070555e-02;TRUE;3,56024599883296e-05;1,97362064052584e-02;TRUE;TRUE
108;232;3,52391947273948e-04;TRUE;3,84486204564319e-06;2,86447192696377e-04;TRUE;TRUE
108;233;4,77737632148909e-03;TRUE;2,28451087235790e-04;4,22267348973654e-03;TRUE;TRUE
108;234;6,75877494241631e-02;FALSE;8,38440785322034e-09;6,52112159705674e-02;FALSE;TRUE
108;235;4,60493582953661e-04;TRUE;1,90081820421175e-06;2,73563972310691e-04;TRUE;TRUE
108;236;6,94236610916163e-05;TRUE;4,19560361710941e-05;1,04218505548875e-04;TRUE;TRUE
108;237;2,69688143816525e-03;TRUE;8,37028490871642e-02;2,39590082646382e-03;TRUE;FALSE
108;238;3,06683579395982e-02;TRUE;9,47241414702650e-03;2,69708989517216e-02;TRUE;TRUE
108;239;3,24793487135001e-02;TRUE;1,93127325240405e-05;2,88187482442933e-02;TRUE;TRUE
108;240;3,74401420784018e-02;TRUE;1,24835508128756e-08;3,79456092647459e-02;TRUE;TRUE
108;241;6,63462355316452e-03;TRUE;3,66893947858102e-05;7,82336372731662e-03;TRUE;TRUE
108;242;4,00070749978165e-02;TRUE;2,01403599376211e-05;3,90177405484889e-02;TRUE;TRUE
108;243;2,45242326718128e-01;FALSE;2,62546050631254e-04;2,36634299909480e-01;FALSE;TRUE
108;244;4,24217490866455e-02;TRUE;3,68545457808203e-03;4,28269979654575e-02;TRUE;TRUE
108;245;2,48814429505509e-03;TRUE;6,31228187659827e-09;1,31753839358407e-03;TRUE;TRUE
108;246;3,08025244656290e-03;TRUE;6,63000958459412e-07;0,00000000000000e+00;TRUE;TRUE
108;247;4,27547730015821e-02;TRUE;2,64524201744806e-03;4,38317766224444e-02;TRUE;TRUE
108;248;3,70947152219922e-03;TRUE;6,64233959047353e-03;5,33692870175927e-03;TRUE;TRUE
108;249;5,39581909116275e-04;TRUE;9,03863021822832e-07;4,91875858263880e-04;TRUE;TRUE
108;250;7,69636482236691e-04;TRUE;5,76480749649122e-06;9,78694474811299e-04;TRUE;TRUE
108;251;5,74935598508933e-04;TRUE;4,02425629234243e-03;0,00000000000000e+00;TRUE;TRUE
108;252;1,76679319967548e-01;FALSE;2,46270639285284e-04;1,69751799225347e-01;FALSE;TRUE
108;253;5,72970108225584e-01;FALSE;5,67672997570335e-05;5,58943364900877e-01;FALSE;TRUE
108;254;1,32784822438641e-02;TRUE;2,57917364064126e-03;1,55445498130824e-02;TRUE;TRUE
108;255;5,91332528995534e-04;TRUE;8,27586984811851e-03;1,14188955298555e-03;TRUE;TRUE
108;256;1,73948342778504e-04;TRUE;6,71123447347914e-05;2,41894266901115e-04;TRUE;TRUE
108;257;2,84108284005148e-03;TRUE;1,13901782622639e-02;4,02215146898935e-03;TRUE;TRUE
108;258;3,53505640149108e-03;TRUE;3,95542115395302e-03;3,63510807756231e-03;TRUE;TRUE
108;259;1,10861778779948e-02;TRUE;2,73053074553702e-05;0,00000000000000e+00;TRUE;TRUE
108;260;2,18479292533240e-02;TRUE;1,59947413726420e-05;1,70263904955839e-02;TRUE;TRUE
108;261;8,33607435563349e-02;FALSE;8,02989863827547e-06;6,73958607584358e-02;FALSE;TRUE
108;262;6,87789108665941e-02;FALSE;2,31314448504767e-07;6,24011075361599e-02;FALSE;TRUE
108;263;9,79651265023624e-03;TRUE;1,55087809983018e-08;5,89758376211829e-03;TRUE;TRUE
108;264;5,56161594937672e-06;TRUE;1,15747409617891e-05;1,17313598899576e-05;TRUE;TRUE
108;265;1,94442466866588e-03;TRUE;5,06138791044784e-04;2,74225605401279e-03;TRUE;TRUE
108;266;3,35633839366010e-03;TRUE;1,21434181544588e-06;2,67240705073833e-03;TRUE;TRUE
108;267;5,41785218670702e-02;FALSE;2,78543290870848e-05;4,43841166621786e-02;TRUE;TRUE
108;268;3,72722116504797e-02;TRUE;1,25975308421455e-02;3,07767689139994e-02;TRUE;TRUE
108;269;9,41050516005618e-07;TRUE;1,65969143780389e-04;1,91125523585489e-06;TRUE;TRUE
108;270;1,11344893591379e-03;TRUE;9,83084735055575e-04;2,30579876386331e-03;TRUE;TRUE
108;271;9,88482028070001e-02;FALSE;2,05891386351929e-08;8,35396754413917e-02;FALSE;TRUE
108;272;1,33033331087813e-01;FALSE;5,72963761510225e-05;1,13298006583272e-01;FALSE;TRUE
108;273;2,80737178466010e-03;TRUE;1,28765613819896e-04;2,28570213633889e-03;TRUE;TRUE
108;274;1,20141836416995e-01;FALSE;1,05563271355073e-02;1,14855842023369e-01;FALSE;TRUE
108;275;2,06474583452855e-01;FALSE;2,25889550501020e-04;2,11160934697908e-01;FALSE;TRUE
108;276;2,55430414270770e-02;TRUE;2,09858158661943e-03;2,75478803225291e-02;TRUE;TRUE
108;277;1,84095568936369e-03;TRUE;4,75374488421367e-04;6,92353906045324e-04;TRUE;TRUE
108;278;4,47191422529545e-03;TRUE;7,42072316648709e-05;6,41949654935674e-03;TRUE;TRUE
108;279;2,49041858570272e-03;TRUE;2,84123582802482e-08;2,61103548706577e-03;TRUE;TRUE
108;280;2,07230670898141e-03;TRUE;2,27007487308532e-05;1,89353822266362e-03;TRUE;TRUE
108;281;1,83455753784707e-04;TRUE;2,63783762932739e-06;1,10916741043354e-04;TRUE;TRUE
108;282;6,19568046101556e-04;TRUE;1,64758290905230e-06;4,07866540683158e-04;TRUE;TRUE
108;283;8,02707662303627e-02;FALSE;4,21699707357412e-05;6,67181850761560e-02;FALSE;TRUE
108;284;5,44813045008505e-03;TRUE;2,22617119663980e-03;4,34303658166354e-03;TRUE;TRUE
108;285;1,50641599850424e-03;TRUE;2,84051680084599e-03;1,93504401287119e-03;TRUE;TRUE
108;286;3,50067955798188e-01;FALSE;2,18818349819556e-04;3,40278015488111e-01;FALSE;TRUE
108;287;7,31836907666761e-02;FALSE;1,89051959869491e-05;7,56692363310436e-02;FALSE;TRUE
108;288;9,63148280595712e-04;TRUE;4,06051078098565e-06;1,10329044727444e-03;TRUE;TRUE
108;289;1,60852008260509e-02;TRUE;5,38558359479799e-07;1,34743134982040e-02;TRUE;TRUE
108;290;9,06531580120599e-04;TRUE;1,29931400571288e-10;4,43217861220881e-04;TRUE;TRUE
108;291;3,92255864498378e-02;TRUE;1,20987969707496e-05;3,44835609228192e-02;TRUE;TRUE
108;292;2,08682768407221e-04;TRUE;1,52582500376908e-03;1,65744748550327e-04;TRUE;TRUE
108;293;1,06999973367222e-04;TRUE;8,60654899491263e-02;3,47672369339338e-04;TRUE;FALSE
108;294;2,31796999142006e-03;TRUE;2,42668926769433e-04;2,08389042901865e-03;TRUE;TRUE
108;295;6,56543773616304e-03;TRUE;2,50022707590382e-06;7,35355897712371e-03;TRUE;TRUE
108;296;7,79797347113014e-03;TRUE;6,10924187748907e-05;0,00000000000000e+00;TRUE;TRUE
108;297;9,16598468723786e-04;TRUE;2,87948472481468e-03;2,27449075710293e-03;TRUE;TRUE
108;298;4,45450074739339e-05;TRUE;5,07071680556435e-01;1,11319702414748e-04;TRUE;FALSE
108;299;1,10968609994179e-02;TRUE;7,72500579069205e-02;1,74220933047164e-02;TRUE;FALSE
108;300;2,53006605811163e-04;TRUE;1,69927116497624e-04;1,48635777089674e-04;TRUE;TRUE
108;301;4,49163073986450e-02;TRUE;4,86716314769259e-05;4,15959295129398e-02;TRUE;TRUE
108;302;2,00297443426948e-03;TRUE;1,57904230050553e-04;2,53014368587004e-03;TRUE;TRUE
108;303;6,31084992046587e-03;TRUE;3,72865402247485e-07;5,82204117413120e-03;TRUE;TRUE
108;304;3,75207161212224e-01;FALSE;4,22028925038811e-06;3,66698090824056e-01;FALSE;TRUE
108;305;3,79932088962820e-02;TRUE;1,91001449527547e-07;2,91958271197664e-02;TRUE;TRUE
108;306;3,07860807265856e-03;TRUE;1,01573918919914e-04;0,00000000000000e+00;TRUE;TRUE
108;307;5,46974855133345e-01;FALSE;8,53625619017889e-07;5,44979926562149e-01;FALSE;TRUE
108;308;7,90173870272381e-04;TRUE;1,84546202873707e-04;3,84276646953273e-04;TRUE;TRUE
108;309;7,22212734739746e-03;TRUE;3,87879633641845e-05;6,18178714035353e-03;TRUE;TRUE
108;310;3,46970308058769e-04;TRUE;4,90157899694995e-04;6,13355476741911e-04;TRUE;TRUE
108;311;7,72436296408122e-03;TRUE;2,31086013163314e-05;0,00000000000000e+00;TRUE;TRUE
108;312;2,26107180260029e-01;FALSE;1,36486494933899e-04;2,16054749714948e-01;FALSE;TRUE
108;313;1,23427513762301e-02;TRUE;1,37218816174273e-03;0,00000000000000e+00;TRUE;TRUE
108;314;1,12283779311731e-03;TRUE;2,71602515610567e-02;1,24499277968024e-03;TRUE;TRUE
108;315;4,77599215288288e-02;TRUE;2,68393010280873e-01;5,16329369823478e-02;FALSE;FALSE
108;316;5,85358490291146e-06;TRUE;4,39870123204546e-06;8,93486122641050e-06;TRUE;TRUE
108;317;1,39385026094985e-03;TRUE;3,40318880733358e-06;8,10859843531509e-04;TRUE;TRUE
108;318;6,79917301312361e-04;TRUE;6,69868834906408e-03;0,00000000000000e+00;TRUE;TRUE
108;319;7,90104442364132e-02;FALSE;1,12563652088086e-07;8,56046135663067e-02;FALSE;TRUE
108;320;3,03436806823813e-01;FALSE;3,68213626274841e-03;2,93894835477675e-01;FALSE;TRUE
108;321;9,58640651931333e-02;FALSE;1,19005324063107e-03;9,12994355617926e-02;FALSE;TRUE
108;322;3,24400290880909e-03;TRUE;1,67752647489810e-04;3,02436812272626e-03;TRUE;TRUE
108;323;1,57985836432599e-01;FALSE;5,89624047718019e-03;1,63549648172740e-01;FALSE;TRUE
108;324;1,17600336032392e-02;TRUE;3,33863607028587e-03;1,22070349837006e-02;TRUE;TRUE
108;325;9,19857021100538e-02;FALSE;1,12148609593943e-09;8,07386081815208e-02;FALSE;TRUE
108;326;3,76831556159096e-02;TRUE;4,35789035443184e-05;3,43656530024125e-02;TRUE;TRUE
108;327;1,29676712078687e-04;TRUE;1,68730652441686e-02;2,57838110033388e-04;TRUE;TRUE
108;328;7,76269991808594e-07;TRUE;1,15312263562333e-03;0,00000000000000e+00;TRUE;TRUE
108;329;1,04944268725825e-03;TRUE;2,23216825368313e-06;5,93391292113416e-04;TRUE;TRUE
108;330;8,69387473677079e-02;FALSE;5,92150868821602e-09;7,36507038624937e-02;FALSE;TRUE
108;331;9,32153461847146e-02;FALSE;8,38208080153390e-09;7,69288713288290e-02;FALSE;TRUE
108;332;3,04372257339939e-05;TRUE;2,05472339473807e-05;2,27416172788663e-05;TRUE;TRUE
108;333;5,21752709068443e-02;FALSE;3,57557170507984e-02;5,42958032050899e-02;FALSE;TRUE
108;334;8,64175888681589e-03;TRUE;1,37709922365098e-03;9,07132211397374e-03;TRUE;TRUE
108;335;8,90399963483608e-01;FALSE;1,67682843931778e-04;8,90149308301695e-01;FALSE;TRUE
108;336;3,90399260232728e-03;TRUE;1,66378400015216e-02;0,00000000000000e+00;TRUE;TRUE
108;337;3,23943196061504e-02;TRUE;5,09613702892691e-06;3,35629993238313e-02;TRUE;TRUE
108;338;6,56437565728796e-02;FALSE;2,22636714507827e-04;6,15185437301512e-02;FALSE;TRUE
108;339;5,26059029954927e-03;TRUE;8,63305086422710e-06;6,68524005818864e-03;TRUE;TRUE
108;340;1,89591640807665e-01;FALSE;7,03658947060648e-06;0,00000000000000e+00;TRUE;TRUE
108;341;4,30627714575305e-01;FALSE;1,96080896239892e-07;0,00000000000000e+00;TRUE;TRUE
108;342;9,13701394808542e-03;TRUE;3,54776748542843e-02;1,09730587740721e-02;TRUE;TRUE
108;343;1,65638325951380e-01;FALSE;5,32702158944506e-05;1,66962136644533e-01;FALSE;TRUE
108;344;3,25291219024865e-04;TRUE;4,34869325311282e-07;2,94718515163492e-04;TRUE;TRUE
108;345;3,46885673436418e-02;TRUE;6,09863073908719e-04;3,73756800493952e-02;TRUE;TRUE
108;346;1,33513125867945e-02;TRUE;2,44537726545421e-05;7,76120487056157e-03;TRUE;TRUE
108;347;1,30079181449735e-01;FALSE;2,79440625183924e-03;1,25649968164890e-01;FALSE;TRUE
108;348;1,64955628766227e-02;TRUE;8,40564163624645e-07;1,02955278138042e-02;TRUE;TRUE
108;349;7,21707488483989e-03;TRUE;1,30709604132000e-04;5,58012068054295e-03;TRUE;TRUE
108;350;6,21642151099637e-03;TRUE;8,37962750326843e-04;5,45730783592145e-03;TRUE;TRUE
108;351;3,68620532622452e-03;TRUE;2,85969508822781e-07;2,05474896601206e-03;TRUE;TRUE
108;352;6,95815502543963e-05;TRUE;3,28476969576540e-07;1,48255723716676e-04;TRUE;TRUE
108;353;2,63765676836376e-03;TRUE;2,04299092900969e-02;2,09986246997367e-03;TRUE;TRUE
108;354;7,51667182227086e-06;TRUE;2,76555450042308e-04;6,44146284426936e-06;TRUE;TRUE
108;355;9,66912982760752e-02;FALSE;1,97000811950808e-06;9,34966086697381e-02;FALSE;TRUE
108;356;2,00539140199204e-02;TRUE;4,21285033908698e-06;1,90801444090770e-02;TRUE;TRUE
108;357;7,00285809462218e-03;TRUE;1,48989510854287e-04;0,00000000000000e+00;TRUE;TRUE
108;358;1,24957447895641e-04;TRUE;8,87225422631434e-04;1,18240420986360e-04;TRUE;TRUE
108;359;3,32169047657242e-01;FALSE;6,12331980190176e-04;3,03897512379338e-01;FALSE;TRUE
108;360;6,29355774041019e-03;TRUE;8,53239331979964e-03;5,21632412068786e-03;TRUE;TRUE
108;361;5,57287729802630e-02;FALSE;5,38771125148723e-04;4,89507003459973e-02;TRUE;TRUE
108;362;2,30995667763041e-03;TRUE;1,35933751700917e-04;0,00000000000000e+00;TRUE;TRUE
108;363;6,40021557128491e-05;TRUE;7,31188390887732e-05;5,96880931091270e-05;TRUE;TRUE
108;364;5,65179018189898e-06;TRUE;1,49492279805244e-01;5,14731759796329e-06;TRUE;FALSE
108;365;6,17727792511803e-01;FALSE;5,24319034958337e-03;6,12663484373457e-01;FALSE;TRUE
108;366;1,72789784376337e-02;TRUE;2,53963827335921e-05;1,46023006870347e-02;TRUE;TRUE
108;367;1,57661184999711e-02;TRUE;1,23518353885386e-06;1,39057474613084e-02;TRUE;TRUE
108;368;1,06174126407111e-02;TRUE;4,50945777108334e-04;9,34783902598779e-03;TRUE;TRUE
108;369;8,86811766206188e-04;TRUE;1,57703707621178e-05;6,42127002362770e-04;TRUE;TRUE
108;370;1,91096186029028e-01;FALSE;4,58878707862315e-06;1,95150792345226e-01;FALSE;TRUE
108;371;2,69361268315769e-03;TRUE;1,02474635297997e-06;2,59082925198745e-03;TRUE;TRUE
108;372;8,16240187836421e-06;TRUE;1,91536702109376e-05;8,77332440879923e-06;TRUE;TRUE
108;373;1,48387278874191e-02;TRUE;6,83581890286092e-04;1,18234421351141e-02;TRUE;TRUE
108;374;1,61413582404218e-02;TRUE;1,50290179090503e-06;0,00000000000000e+00;TRUE;TRUE
108;375;9,24637417845854e-02;FALSE;1,73809895594719e-02;0,00000000000000e+00;TRUE;TRUE
108;376;1,75359869185679e-03;TRUE;7,63782210971068e-04;1,71284741192663e-03;TRUE;TRUE
108;377;1,26160218342069e-02;TRUE;1,58458536084646e-02;1,35746620419397e-02;TRUE;TRUE
108;378;4,64041153577649e-03;TRUE;5,92586255766820e-02;2,15301758748015e-03;TRUE;FALSE
108;379;1,46925800681339e-01;FALSE;6,27050158378841e-05;1,30717580289014e-01;FALSE;TRUE
108;380;1,86278938854613e-02;TRUE;2,82468042313897e-04;1,54878676793309e-02;TRUE;TRUE
108;381;9,60736176922141e-04;TRUE;1,47977255525007e-01;1,17822451010413e-03;TRUE;FALSE
108;382;9,41534003460935e-03;TRUE;3,87096367939188e-05;8,34957082353771e-03;TRUE;TRUE
108;383;4,97863225006912e-02;TRUE;1,05306112185979e-07;4,15320747107362e-02;TRUE;TRUE
108;384;1,02752833035048e-02;TRUE;7,24362357282570e-02;8,34663312615857e-03;TRUE;FALSE
108;385;2,85642798057490e-04;TRUE;2,28191560273206e-05;2,74605262913962e-04;TRUE;TRUE
108;386;2,72032363060137e-03;TRUE;6,50456702120293e-04;4,58061672388442e-03;TRUE;TRUE
108;387;1,78906568177636e-03;TRUE;7,74689619243631e-04;1,77354698312217e-03;TRUE;TRUE
108;388;1,57109088209661e-01;FALSE;3,48468247063342e-07;1,45424301182376e-01;FALSE;TRUE
108;389;1,71228744800809e-03;TRUE;4,55007384791192e-08;0,00000000000000e+00;TRUE;TRUE
108;390;4,49802400733144e-03;TRUE;9,95755550282148e-05;4,69284855506703e-03;TRUE;TRUE
108;391;1,33725226648058e-01;FALSE;1,66657367449284e-02;1,35774006023510e-01;FALSE;TRUE
108;392;4,14410923204852e-03;TRUE;6,50934996217247e-03;6,01801140479674e-03;TRUE;TRUE
108;393;4,42331861102553e-05;TRUE;6,63869414240556e-05;2,04477288285087e-05;TRUE;TRUE
108;394;8,95406413811596e-02;FALSE;8,59612471261356e-07;8,24160222061623e-02;FALSE;TRUE
108;395;2,18852959727366e-03;TRUE;2,20653424980213e-04;2,00790444913455e-03;TRUE;TRUE
108;396;5,61200673554835e-03;TRUE;1,58523422753912e-06;0,00000000000000e+00;TRUE;TRUE
108;397;5,99421886748660e-05;TRUE;1,43458856734401e-02;1,15639876658835e-04;TRUE;TRUE
108;398;1,97929972579034e-02;TRUE;1,06642281927965e-02;0,00000000000000e+00;TRUE;TRUE
108;399;7,22055727766272e-04;TRUE;1,01118572144221e-02;1,58513975199358e-03;TRUE;TRUE
108;400;2,87185895701239e-04;TRUE;1,63170504319234e-02;2,41420756128470e-04;TRUE;TRUE
108;401;8,87418387498107e-03;TRUE;8,41325966719551e-04;1,15885552488735e-02;TRUE;TRUE
108;402;1,43628732650824e-03;TRUE;2,38269609597295e-03;1,16341076543714e-03;TRUE;TRUE
108;403;4,48969396608680e-04;TRUE;3,87069129264752e-08;2,17917887689942e-04;TRUE;TRUE
108;404;4,84817267276267e-03;TRUE;3,16533678703793e-06;0,00000000000000e+00;TRUE;TRUE
108;405;3,28034848435740e-03;TRUE;9,94854776170226e-04;3,00199994170693e-03;TRUE;TRUE
108;406;8,05562850964571e-01;FALSE;1,30958836615336e-04;0,00000000000000e+00;TRUE;TRUE
108;407;1,25039346901484e-04;TRUE;1,34616187615813e-05;9,90362845861969e-05;TRUE;TRUE
108;408;2,78790349983807e-05;TRUE;9,75614597914269e-05;4,99386556194189e-05;TRUE;TRUE
108;409;3,71459417123841e-05;TRUE;1,08851485696406e-02;4,76769458194816e-05;TRUE;TRUE
108;410;7,68538801343153e-02;FALSE;1,17290308913972e-02;7,53541644654415e-02;FALSE;TRUE
108;411;7,54406236161691e-06;TRUE;1,34173729421341e-04;3,62761024369462e-06;TRUE;TRUE
108;412;7,25192167036986e-04;TRUE;1,17382854527828e-03;8,58488027084189e-04;TRUE;TRUE
108;413;2,97207411909778e-03;TRUE;6,09306732878277e-08;2,81231618337226e-03;TRUE;TRUE
108;414;2,00146169995870e-02;TRUE;9,38985178696278e-06;0,00000000000000e+00;TRUE;TRUE
108;415;2,83948189396751e-02;TRUE;2,31143109033664e-05;2,64715847871154e-02;TRUE;TRUE
108;416;2,27323285834400e-01;FALSE;1,96533644822981e-02;2,39036881578868e-01;FALSE;TRUE
108;417;3,22440566723227e-02;TRUE;9,49758727107856e-03;3,44286172210961e-02;TRUE;TRUE
108;418;4,76785528946967e-07;TRUE;8,21432906073559e-02;0,00000000000000e+00;TRUE;FALSE
108;419;4,75521109756990e-03;TRUE;1,12568654587080e-03;4,85860188973168e-03;TRUE;TRUE
108;420;1,00409941535322e-04;TRUE;2,07305669235644e-02;3,31357276415656e-04;TRUE;TRUE
108;421;2,40157409851335e-04;TRUE;1,21697958462838e-04;2,48179789369115e-04;TRUE;TRUE
108;422;2,23261705818992e-02;TRUE;2,12525306999452e-06;1,67684757948668e-02;TRUE;TRUE
108;423;1,83682735728468e-03;TRUE;5,73537222456437e-13;9,14335159928802e-04;TRUE;TRUE
108;424;1,55036265955954e-02;TRUE;2,45877787244479e-04;9,32974986357017e-03;TRUE;TRUE
108;425;4,73043415854171e-01;FALSE;1,40912359750726e-03;4,56084160650320e-01;FALSE;TRUE
108;426;4,78783434374068e-07;TRUE;3,85120869861050e-03;3,40372281742983e-07;TRUE;TRUE
108;427;7,95692711488163e-03;TRUE;1,50894044097580e-04;6,00782100988354e-03;TRUE;TRUE
108;428;1,13953616895611e-02;TRUE;1,60686553683099e-06;1,09290267326284e-02;TRUE;TRUE
108;429;9,38598614718330e-03;TRUE;4,61217390949740e-03;8,94497942902660e-03;TRUE;TRUE
108;430;8,87725287347140e-03;TRUE;4,40927234724182e-03;9,18633016339871e-03;TRUE;TRUE
108;431;4,66657099794324e-04;TRUE;1,48482224959424e-07;3,25330886042996e-04;TRUE;TRUE
108;432;8,20172764408821e-04;TRUE;2,78745547969483e-07;6,39137726078984e-04;TRUE;TRUE
108;433;5,59328537080583e-04;TRUE;4,43381465326896e-05;2,46298677020799e-04;TRUE;TRUE
108;434;4,45655606546057e-02;TRUE;1,26246050379853e-06;0,00000000000000e+00;TRUE;TRUE
108;435;3,06043993578225e-02;TRUE;6,21794373735155e-03;0,00000000000000e+00;TRUE;TRUE
108;436;3,57116758679578e-02;TRUE;3,08214885657467e-04;2,72993584496644e-02;TRUE;TRUE
108;437;3,00925352204287e-06;TRUE;8,86051652690526e-02;1,42336680785549e-05;TRUE;FALSE
108;438;3,04699060401883e-02;TRUE;8,39236389913244e-03;2,90726440296872e-02;TRUE;TRUE
108;439;2,93612336283997e-02;TRUE;1,94117746782183e-04;3,30876393760147e-02;TRUE;TRUE
108;440;3,67416641513242e-03;TRUE;8,11215838781296e-04;4,99892004335435e-03;TRUE;TRUE
108;441;5,11924706565808e-03;TRUE;1,43914393221040e-05;0,00000000000000e+00;TRUE;TRUE
108;442;1,19630255791409e-01;FALSE;2,06622410516167e-10;1,15381840226345e-01;FALSE;TRUE
108;443;8,18586517202069e-04;TRUE;9,16655046442758e-04;1,58256755338675e-03;TRUE;TRUE
108;444;4,05969073317057e-02;TRUE;3,40804070321427e-08;4,29224999159748e-02;TRUE;TRUE
108;445;2,88774398675779e-02;TRUE;4,72126963320228e-05;3,36767120303455e-02;TRUE;TRUE
108;446;1,01009962386613e-01;FALSE;1,49492437581658e-04;9,04101360290878e-02;FALSE;TRUE
108;447;2,93127242313983e-04;TRUE;1,92773625341893e-07;4,09631885009666e-04;TRUE;TRUE
108;448;1,96319890245016e-04;TRUE;2,64691325946188e-06;9,48262377117132e-05;TRUE;TRUE
108;449;8,47730451632142e-04;TRUE;4,74704660533600e-07;8,91161578078781e-04;TRUE;TRUE
108;450;2,35104580094505e-02;TRUE;1,00453878642196e-03;2,39647780678198e-02;TRUE;TRUE
108;451;6,14597489378777e-02;FALSE;7,43066360569264e-07;5,80076734252358e-02;FALSE;TRUE
108;452;9,53955409471016e-02;FALSE;2,12623103804891e-07;0,00000000000000e+00;TRUE;TRUE
108;453;2,14292394331146e-02;TRUE;1,68235438432600e-06;1,88850611212312e-02;TRUE;TRUE
108;454;1,81753006871522e-10;TRUE;1,60870581821237e-03;1,13493559018952e-08;TRUE;TRUE
108;455;3,19298391471804e-02;TRUE;1,19229084240325e-01;3,00749878086215e-02;TRUE;FALSE
108;456;2,22703086425938e-01;FALSE;7,23528744267781e-04;2,17266333466939e-01;FALSE;TRUE
108;457;3,96784654776341e-03;TRUE;2,00034910154361e-05;2,87358387109898e-03;TRUE;TRUE
108;458;1,19482664544714e-04;TRUE;2,51337522722220e-05;1,80958182024753e-04;TRUE;TRUE
108;459;1,13565066970761e-02;TRUE;3,41147348302673e-02;9,63059415447598e-03;TRUE;TRUE
108;460;3,31478686836248e-02;TRUE;3,35678742562274e-06;3,26170532788918e-02;TRUE;TRUE
108;461;1,09850636153565e-03;TRUE;2,31191627650907e-02;6,21276004556767e-04;TRUE;TRUE
108;462;5,68367747587055e-04;TRUE;2,07018898420807e-03;4,48229381552923e-04;TRUE;TRUE
108;463;2,93646647097475e-03;TRUE;2,17561030815456e-03;1,92891410434995e-03;TRUE;TRUE
108;464;1,45947428836769e-02;TRUE;2,15821333209969e-05;1,08186536974279e-02;TRUE;TRUE
108;465;1,51147966027081e-01;FALSE;1,10853549600276e-05;1,40280575239655e-01;FALSE;TRUE
108;466;1,71768650686105e-03;TRUE;5,75839388376908e-05;1,00160810534406e-03;TRUE;TRUE
108;467;2,02003547036078e-03;TRUE;2,60422276584032e-07;1,78931587307794e-03;TRUE;TRUE
108;468;1,09533590222602e-03;TRUE;4,81382366922356e-04;1,66917853260626e-03;TRUE;TRUE
108;469;5,62877428562585e-02;FALSE;1,95256949219444e-06;4,51284368241828e-02;TRUE;TRUE
108;470;3,42390988346633e-06;TRUE;3,34366010983093e-06;2,56640203036974e-05;TRUE;TRUE
108;471;8,10928756607129e-03;TRUE;7,96390504855319e-02;6,29829415926474e-03;TRUE;FALSE
108;472;2,70316232463117e-01;FALSE;1,64099231520196e-04;2,60299994694949e-01;FALSE;TRUE
108;473;2,21530675737412e-01;FALSE;4,90903298086825e-07;2,12849055515939e-01;FALSE;TRUE
108;474;3,95041089448353e-02;TRUE;4,59998664685659e-03;3,24026535654134e-02;TRUE;TRUE
108;475;7,78230930691993e-05;TRUE;8,53408492983894e-04;1,16867937491609e-04;TRUE;TRUE
108;476;6,15880247167079e-08;TRUE;7,80092094430976e-03;1,80427430012358e-07;TRUE;TRUE
108;477;3,76322819899534e-07;TRUE;1,68833991169017e-06;1,38015112139757e-07;TRUE;TRUE
108;478;7,48742975287308e-03;TRUE;2,97134187274852e-10;5,67446498579561e-03;TRUE;TRUE
108;479;7,54264766351535e-03;TRUE;1,02389271210045e-03;0,00000000000000e+00;TRUE;TRUE
108;480;8,27227616019029e-02;FALSE;4,60590824757473e-03;8,46242763073144e-02;FALSE;TRUE
108;481;5,26592682390807e-03;TRUE;1,31496361837445e-03;6,15903545338940e-03;TRUE;TRUE
108;482;1,49797704527460e-05;TRUE;3,31492809369740e-09;2,52670468991931e-05;TRUE;TRUE
108;483;7,10871925249141e-03;TRUE;1,91223342513950e-05;7,35249398272691e-03;TRUE;TRUE
108;484;2,90994919535102e-02;TRUE;2,22589437222546e-03;0,00000000000000e+00;TRUE;TRUE
108;485;1,79115900331983e-01;FALSE;1,59781019354574e-06;1,68963861227939e-01;FALSE;TRUE
108;486;3,60266051437322e-07;TRUE;3,06762667320905e-02;6,10812423722564e-06;TRUE;TRUE
108;487;7,93343529184131e-03;TRUE;1,63972326246053e-03;6,48964036507852e-03;TRUE;TRUE
108;488;3,87120442104198e-02;TRUE;1,77626628096460e-04;3,35390981565653e-02;TRUE;TRUE
108;489;1,90960652540861e-02;TRUE;2,94307290805209e-06;1,63646597889717e-02;TRUE;TRUE
108;490;7,03936437855247e-02;FALSE;3,55681667999803e-04;6,66767632191441e-02;FALSE;TRUE
108;491;2,48472120158287e-04;TRUE;6,36281661954486e-06;0,00000000000000e+00;TRUE;TRUE
108;492;1,58449501399950e-05;TRUE;8,66508297227362e-06;1,61656039791824e-05;TRUE;TRUE
108;493;4,14237959428141e-02;TRUE;2,91453875125570e-04;4,16230698499712e-02;TRUE;TRUE
108;494;2,10561516168340e-02;TRUE;1,97493398593385e-05;2,02699887216029e-02;TRUE;TRUE
108;495;5,28103838665139e-04;TRUE;9,18504448635665e-04;2,20004955480595e-04;TRUE;TRUE
108;496;1,24826433663784e-03;TRUE;4,56659566187483e-04;1,29407008354715e-03;TRUE;TRUE
108;497;7,04786306408286e-05;TRUE;3,53548342811217e-05;1,39788489599183e-04;TRUE;TRUE
108;498;2,71820082952336e-01;FALSE;1,47257702537132e-02;2,64896283757926e-01;FALSE;TRUE
108;499;3,36650191077207e-03;TRUE;1,35553955238040e-04;2,35958367103734e-03;TRUE;TRUE
108;500;2,58508505299709e-03;TRUE;1,73858435556898e-06;1,40125373534569e-03;TRUE;TRUE
108;501;3,41018854475987e-03;TRUE;1,76383534627392e-06;3,48914699184382e-03;TRUE;TRUE
108;502;1,28594996862133e-03;TRUE;2,97715076851411e-04;2,32366109344775e-03;TRUE;TRUE
108;503;1,41726983021625e-03;TRUE;1,98926612054521e-05;0,00000000000000e+00;TRUE;TRUE
108;504;3,17646476317641e-02;TRUE;1,04801424845226e-07;3,22559369934738e-02;TRUE;TRUE
108;505;4,85750435941017e-02;TRUE;2,19971170094300e-04;4,92735483653000e-02;TRUE;TRUE
108;506;1,78551115961721e-02;TRUE;4,11682327924694e-06;1,69994139812350e-02;TRUE;TRUE
108;507;4,21410196665947e-02;TRUE;1,62865271322911e-02;3,65567576357807e-02;TRUE;TRUE
108;508;4,48473537794190e-02;TRUE;8,19679051770058e-03;3,95078939378675e-02;TRUE;TRUE
108;509;1,86311271667600e-01;FALSE;8,05439927507016e-05;1,74463153556463e-01;FALSE;TRUE
108;510;6,95153571886999e-04;TRUE;1,11827786781547e-07;7,04324245916579e-04;TRUE;TRUE
108;511;1,80168277389830e-06;TRUE;4,47651855512685e-04;1,81088759693163e-06;TRUE;TRUE
108;512;1,21657926285262e-04;TRUE;8,00695984686530e-04;3,42551341044313e-05;TRUE;TRUE
108;513;2,61943383119849e-03;TRUE;2,17719873770395e-04;2,38546759121960e-03;TRUE;TRUE
108;514;4,67316522336281e-03;TRUE;1,99769361917961e-04;5,70421199150261e-03;TRUE;TRUE
108;515;1,55309002013136e-03;TRUE;4,74314386754931e-05;0,00000000000000e+00;TRUE;TRUE
108;516;1,02741278101068e-05;TRUE;3,29955414647113e-03;2,78559447672761e-05;TRUE;TRUE
108;517;5,18907429077827e-04;TRUE;1,88312226554118e-03;3,48850826767351e-04;TRUE;TRUE
108;518;1,45120126654367e-02;TRUE;3,84020473941182e-06;0,00000000000000e+00;TRUE;TRUE
108;519;1,06147666245400e-02;TRUE;9,04790155054432e-07;6,49091383774123e-03;TRUE;TRUE
108;520;3,22355731602239e-05;TRUE;8,92892131212761e-06;2,51973742087755e-05;TRUE;TRUE
108;521;5,20499034579853e-02;FALSE;7,51425224289116e-04;5,82244548169167e-02;FALSE;TRUE
108;522;1,47617471785973e-01;FALSE;1,69919492375126e-04;1,38168353199431e-01;FALSE;TRUE
108;523;1,09753082399116e-02;TRUE;1,74514575126902e-03;1,03590904473383e-02;TRUE;TRUE
108;524;2,34412759870894e-03;TRUE;2,40684708692065e-03;2,65943908433629e-03;TRUE;TRUE
108;525;4,95247773188330e-02;TRUE;2,20076515280300e-05;4,48209925277867e-02;TRUE;TRUE
108;526;2,57595607114265e-04;TRUE;1,45737209623162e-04;2,09555627960380e-04;TRUE;TRUE
108;527;1,03704721910798e-01;FALSE;6,41882764985876e-06;1,02788204170981e-01;FALSE;TRUE
108;528;1,56677845154481e-04;TRUE;1,18226372150527e-04;1,45809547128027e-04;TRUE;TRUE
108;529;7,69142869831312e-03;TRUE;3,67850246410419e-05;5,44272613188901e-03;TRUE;TRUE
108;530;5,07018030607183e-04;TRUE;3,01388088299241e-03;7,49022379700605e-04;TRUE;TRUE
108;531;2,07504025718813e-01;FALSE;6,36297035577695e-06;2,00857134043940e-01;FALSE;TRUE
108;532;3,17304324170479e-01;FALSE;5,94397947985801e-05;3,11384898611281e-01;FALSE;TRUE
108;533;2,73561649461593e-03;TRUE;3,87861240160525e-04;1,96343473328057e-03;TRUE;TRUE
108;534;6,88748274213771e-03;TRUE;9,66955361342421e-05;1,06982237562667e-02;TRUE;TRUE
108;535;5,75993485100955e-03;TRUE;1,92229700119299e-08;3,26795273505635e-03;TRUE;TRUE
108;536;1,25357577332695e-03;TRUE;3,01721859698418e-05;9,91960041955295e-04;TRUE;TRUE
108;537;6,56782758306055e-04;TRUE;1,39888632769955e-04;5,93100252637254e-04;TRUE;TRUE
108;538;5,86218488236278e-04;TRUE;6,69105891356731e-07;3,80244819312837e-04;TRUE;TRUE
108;539;4,02880685672662e-02;TRUE;1,70931964849722e-07;3,26102676876508e-02;TRUE;TRUE
108;540;3,53512936838230e-02;TRUE;7,00522948765233e-03;2,81224012369906e-02;TRUE;TRUE
108;541;4,07541899225645e-04;TRUE;5,65187868751211e-08;4,89224568941252e-04;TRUE;TRUE
108;542;4,96362222030968e-02;TRUE;2,25008151269088e-06;4,53346951594672e-02;TRUE;TRUE
108;543;3,15085995385870e-06;TRUE;4,13466709108548e-10;3,73953297059606e-06;TRUE;TRUE
108;544;1,32626460580782e-01;FALSE;5,76309293640724e-04;0,00000000000000e+00;TRUE;TRUE
108;545;1,07366671272917e-02;TRUE;8,12326368725785e-08;6,92153052318414e-03;TRUE;TRUE
108;546;1,58312622691434e-02;TRUE;1,99102900456470e-04;0,00000000000000e+00;TRUE;TRUE
108;547;8,76224053967666e-05;TRUE;4,23846819993296e-04;3,13685146368845e-05;TRUE;TRUE
108;548;4,17143110538887e-03;TRUE;7,34261805005742e-08;2,77732035365607e-03;TRUE;TRUE
108;549;4,12490306668163e-03;TRUE;1,43071521009286e-06;3,78948612595914e-03;TRUE;TRUE
108;550;3,08370806205873e-01;FALSE;1,42102881901850e-02;2,89802859175087e-01;FALSE;TRUE
108;551;2,60206694955653e-04;TRUE;5,32283557079470e-07;2,89960247381491e-04;TRUE;TRUE
108;552;1,32389188608848e-01;FALSE;2,73769197433005e-03;1,39998686259303e-01;FALSE;TRUE
108;553;7,89466646829617e-03;TRUE;1,77981749536078e-07;6,38483309049297e-03;TRUE;TRUE
108;554;3,87755685953878e-05;TRUE;9,58332331826786e-06;6,78069459204062e-05;TRUE;TRUE
108;555;4,34595935809001e-04;TRUE;1,33771256007708e-04;7,08763546132480e-04;TRUE;TRUE
108;556;1,02271756754701e-03;TRUE;1,01493479739616e-03;8,94845351588581e-04;TRUE;TRUE
108;557;1,75290308895391e-03;TRUE;4,57833696104470e-06;0,00000000000000e+00;TRUE;TRUE
108;558;3,28452955418990e-03;TRUE;5,88481187670941e-02;3,37940815253788e-03;TRUE;FALSE
108;559;2,17984695394621e-04;TRUE;3,36807712545541e-05;4,18637643853066e-04;TRUE;TRUE
108;560;3,49088928381172e-02;TRUE;2,66334996085774e-03;3,95283180633850e-02;TRUE;TRUE
108;561;9,89509765765704e-06;TRUE;1,22863826706359e-02;1,63543580662620e-05;TRUE;TRUE
108;562;4,02474568576761e-04;TRUE;9,03207335529110e-04;9,35942722284038e-04;TRUE;TRUE
108;563;1,59160261023944e-02;TRUE;8,47095044065408e-04;1,28705259453550e-02;TRUE;TRUE
108;564;2,26514897963571e-04;TRUE;3,80696915110136e-03;2,52814860895521e-04;TRUE;TRUE
108;565;2,63967280416237e-03;TRUE;2,97107461901461e-04;2,04093265042670e-03;TRUE;TRUE
108;566;7,53400406249395e-01;FALSE;2,13998593801157e-04;7,53049176777901e-01;FALSE;TRUE
108;567;6,05038238390419e-03;TRUE;2,76669392078167e-05;4,49714064006731e-03;TRUE;TRUE
108;568;1,87926245711351e-01;FALSE;4,24338555895676e-07;1,87262287878329e-01;FALSE;TRUE
108;569;2,85389072430440e-02;TRUE;1,33228056529417e-04;2,73438984702744e-02;TRUE;TRUE
108;570;3,12840795200561e-02;TRUE;7,03694663781948e-09;2,95044540253197e-02;TRUE;TRUE
108;571;1,47885334986459e-04;TRUE;2,63333162036148e-03;2,66635316669622e-04;TRUE;TRUE
108;572;8,93142404469056e-02;FALSE;6,44150952893991e-04;8,00922681058935e-02;FALSE;TRUE
108;573;1,14200537599847e-02;TRUE;4,90871130203186e-04;7,85080273880553e-03;TRUE;TRUE
108;574;4,29595817353073e-03;TRUE;7,80980500518058e-03;2,73956152298619e-03;TRUE;TRUE
108;575;7,88474769802673e-05;TRUE;5,74804385927359e-06;3,52904856169216e-05;TRUE;TRUE
108;576;9,45008244097745e-03;TRUE;1,28907593964516e-10;1,00218547458068e-02;TRUE;TRUE
108;577;9,68081080283632e-04;TRUE;3,24369464124568e-05;7,22597506975230e-04;TRUE;TRUE
108;578;5,12911052844692e-01;FALSE;5,57091358160200e-05;5,07049847554393e-01;FALSE;TRUE
108;579;8,73528981040853e-04;TRUE;5,55012796375368e-02;1,34160120699519e-03;TRUE;FALSE
108;580;3,23330911881116e-04;TRUE;2,11648668523940e-01;2,81698790220693e-04;TRUE;FALSE
108;581;2,68053569446023e-04;TRUE;1,10729209075399e-04;3,42629987331864e-04;TRUE;TRUE
108;582;6,98845691400448e-04;TRUE;6,56339451749031e-08;4,82446665187775e-04;TRUE;TRUE
108;583;1,19942202638433e-02;TRUE;1,48758543702747e-07;8,62267407927118e-03;TRUE;TRUE
108;584;1,89702793679973e-03;TRUE;1,23961202902972e-08;1,30725645127969e-03;TRUE;TRUE
108;585;6,39153532612474e-02;FALSE;7,26985976657393e-08;5,57466544397668e-02;FALSE;TRUE
108;586;4,60825287838765e-03;TRUE;5,37870612675804e-04;4,59947158278833e-03;TRUE;TRUE
108;587;6,45236808366669e-03;TRUE;2,33030753203887e-03;5,88581340849357e-03;TRUE;TRUE
108;588;2,26296634222391e-03;TRUE;2,01812279097738e-04;1,57461674146671e-03;TRUE;TRUE
108;589;9,51953300953347e-04;TRUE;1,05793602895182e-05;5,51926911091201e-04;TRUE;TRUE
108;590;1,89608672118142e-03;TRUE;2,27214792207336e-01;6,23161288866964e-04;TRUE;FALSE
108;591;1,05860220378793e-02;TRUE;1,81635492458882e-03;6,98852888193650e-03;TRUE;TRUE
108;592;2,91220206830687e-07;TRUE;2,32898195981270e-03;1,28118542308759e-07;TRUE;TRUE
108;593;9,47805746282143e-05;TRUE;4,68445732091153e-07;5,67925061751426e-05;TRUE;TRUE
108;594;1,28890106973971e-01;FALSE;8,51342493616942e-05;1,12326861324748e-01;FALSE;TRUE
108;595;3,44627006724497e-04;TRUE;7,40502122325257e-03;2,14391892275029e-04;TRUE;TRUE
108;596;1,60498004397715e-03;TRUE;3,98577782402096e-05;1,07949324799030e-03;TRUE;TRUE
108;597;8,09144987872203e-03;TRUE;1,52285951472592e-05;8,09115389534281e-03;TRUE;TRUE
108;598;1,62341796343519e-06;TRUE;1,26580711113101e-03;3,05077616205665e-07;TRUE;TRUE
108;599;1,21356058330657e-01;FALSE;1,34497258422334e-06;9,66287341162113e-02;FALSE;TRUE
108;600;1,23953181050742e-05;TRUE;2,64298183679959e-02;1,67841782120341e-05;TRUE;TRUE
108;601;1,99402718412724e-03;TRUE;2,31693097557711e-03;1,18616081468814e-03;TRUE;TRUE
108;602;8,80250424538347e-05;TRUE;6,18097040575272e-08;5,94462438461551e-05;TRUE;TRUE
108;603;2,31282032965849e-03;TRUE;1,19785430440840e-05;7,86046436453996e-04;TRUE;TRUE
108;604;2,01776482190021e-01;FALSE;6,74957543454725e-04;1,94995767184377e-01;FALSE;TRUE
108;605;5,01766167218944e-01;FALSE;1,59506775218222e-06;5,02834173749157e-01;FALSE;TRUE
108;606;1,62021361482365e-01;FALSE;9,16225044722497e-05;1,64630136455560e-01;FALSE;TRUE
108;607;1,94631276072291e-01;FALSE;6,88660368458258e-06;2,02681174109694e-01;FALSE;TRUE
108;608;9,31766196115091e-04;TRUE;2,64230921564770e-06;9,46886503652793e-04;TRUE;TRUE
108;609;4,59803904384256e-01;FALSE;1,91559832365952e-04;4,53690555817585e-01;FALSE;TRUE
108;610;3,06937707779822e-04;TRUE;9,71125762240045e-04;4,19663942861942e-04;TRUE;TRUE
108;611;9,50326520249292e-04;TRUE;6,85625451257304e-04;9,47467537507057e-04;TRUE;TRUE
108;612;2,49059706765051e-02;TRUE;5,50852016317154e-03;2,13579444103143e-02;TRUE;TRUE
108;613;1,66771802521660e-02;TRUE;4,32627257071678e-08;1,14891463669494e-02;TRUE;TRUE
108;614;1,80194357680717e-03;TRUE;3,22896730289910e-03;3,03898244183469e-03;TRUE;TRUE
108;615;4,00047081609617e-02;TRUE;4,71921554262838e-03;4,13698952842768e-02;TRUE;TRUE
108;616;7,59652989409636e-02;FALSE;3,75473837884917e-06;5,22172420096271e-02;FALSE;TRUE
108;617;6,03109216234130e-03;TRUE;3,84442138951024e-06;4,95420444296513e-03;TRUE;TRUE
108;618;3,16166734138041e-05;TRUE;1,98302720292479e-02;4,04359795701008e-04;TRUE;TRUE
108;619;2,15438402753278e-02;TRUE;8,40895248318995e-07;2,38155233429053e-02;TRUE;TRUE
108;620;4,66585666309150e-05;TRUE;1,58303426168431e-02;8,41306405420941e-05;TRUE;TRUE
108;621;2,32479785634604e-04;TRUE;3,46633833368670e-07;2,99735547721189e-04;TRUE;TRUE
108;622;2,94163072658536e-04;TRUE;1,23875570298249e-04;2,17447185663038e-04;TRUE;TRUE
108;623;6,01995284240497e-02;FALSE;2,02065127057557e-03;5,09420144274823e-02;FALSE;TRUE
108;624;2,34996249761323e-01;FALSE;1,81944870539660e-09;2,15395341763209e-01;FALSE;TRUE
108;625;2,23585354741781e-02;TRUE;4,61301007708663e-03;1,68341497368146e-02;TRUE;TRUE
108;626;2,42416281462946e-02;TRUE;1,56147516782517e-02;2,43325225028252e-02;TRUE;TRUE
108;627;1,32647985185871e-03;TRUE;5,88172439375672e-02;1,57008436841067e-03;TRUE;FALSE
108;628;3,49762916150396e-04;TRUE;8,20298087092352e-04;3,11083197142950e-04;TRUE;TRUE
108;629;3,06534241881229e-03;TRUE;2,28127150524720e-02;0,00000000000000e+00;TRUE;TRUE
108;630;6,96626445128232e-02;FALSE;8,79375063532122e-06;5,81980980368758e-02;FALSE;TRUE
108;631;4,94341727246699e-03;TRUE;2,04393801737438e-05;3,87791300234157e-03;TRUE;TRUE
108;632;4,01187332418719e-02;TRUE;7,63544124793074e-10;4,33231313291128e-02;TRUE;TRUE
108;633;3,46134679732493e-04;TRUE;4,49773179454908e-04;2,84774246073728e-04;TRUE;TRUE
108;634;3,37762150130704e-04;TRUE;3,34579476192443e-03;3,05056185807967e-04;TRUE;TRUE
108;635;2,02431549245906e-02;TRUE;1,18265844350335e-05;1,74777902036056e-02;TRUE;TRUE
108;636;1,29213180810898e-02;TRUE;1,03965831291959e-07;1,18232571050999e-02;TRUE;TRUE
108;637;4,44367522424363e-04;TRUE;1,10318341523959e-05;6,49446013366589e-04;TRUE;TRUE
108;638;6,12672995930517e-04;TRUE;2,04806426013565e-03;4,34613646067866e-04;TRUE;TRUE
108;639;1,33690196142310e-01;FALSE;7,48383889211843e-07;1,17361394194724e-01;FALSE;TRUE
108;640;4,79135811622641e-03;TRUE;3,47562904423762e-07;4,61192533161961e-03;TRUE;TRUE
108;641;2,81058924706381e-02;TRUE;5,28701437669924e-07;2,65393358854358e-02;TRUE;TRUE
108;642;1,55229059923465e-03;TRUE;1,43018972736692e-05;9,87731065732268e-04;TRUE;TRUE
108;643;6,59806139651120e-05;TRUE;5,73566980026728e-07;7,55233376670705e-05;TRUE;TRUE
108;644;2,96441519910665e-06;TRUE;8,75286819519028e-03;4,66439346957185e-06;TRUE;TRUE
108;645;1,19896064729009e-01;FALSE;1,01788604853942e-06;0,00000000000000e+00;TRUE;TRUE
108;646;3,88142061248761e-04;TRUE;1,09077759516484e-02;4,46402816983484e-04;TRUE;TRUE
108;647;2,63666801128986e-03;TRUE;1,94916801962516e-04;0,00000000000000e+00;TRUE;TRUE
108;648;2,56723068097130e-05;TRUE;5,09511766698740e-04;1,12025855606923e-04;TRUE;TRUE
108;649;2,70350908419672e-02;TRUE;2,91601913894756e-06;2,82623549530129e-02;TRUE;TRUE
108;650;9,12461001063353e-01;FALSE;8,25566412163923e-06;9,12462618161395e-01;FALSE;TRUE
108;651;2,28634313080127e-03;TRUE;6,19931978715246e-05;1,96436993918491e-03;TRUE;TRUE
108;652;2,04918917578436e-04;TRUE;2,47754307469513e-05;1,33077466654102e-04;TRUE;TRUE
108;653;6,29272089420326e-02;FALSE;1,36027769800731e-05;5,97302679334520e-02;FALSE;TRUE
108;654;1,21001584572734e-03;TRUE;7,04286678846097e-09;9,67445545347318e-04;TRUE;TRUE
108;655;2,77134851558329e-03;TRUE;2,51926365144732e-06;2,56679854477426e-03;TRUE;TRUE
108;656;1,05857025567140e-02;TRUE;1,54404325755946e-06;9,71414959043333e-03;TRUE;TRUE
108;657;7,85427783318933e-01;FALSE;1,47825640727394e-01;7,37875059209283e-01;FALSE;FALSE
108;658;1,71505844600730e-02;TRUE;8,13910227728870e-03;1,60127318114446e-02;TRUE;TRUE
108;659;4,05521874342715e-02;TRUE;5,50926602423307e-08;3,38403392830275e-02;TRUE;TRUE
108;660;1,68452085663280e-05;TRUE;2,69828073176828e-03;5,66139689174425e-05;TRUE;TRUE
108;661;1,72414564837506e-02;TRUE;1,01122482283524e-04;1,37517919490459e-02;TRUE;TRUE
108;662;5,81420534977123e-04;TRUE;1,80140937577556e-02;4,63498006554932e-04;TRUE;TRUE
108;663;2,58737937670082e-05;TRUE;3,01222880563401e-01;7,86804715952704e-05;TRUE;FALSE
108;664;3,55710448752574e-04;TRUE;1,55040423235005e-03;5,33535184464651e-04;TRUE;TRUE
108;665;2,39294113388327e-02;TRUE;8,98360308639999e-07;0,00000000000000e+00;TRUE;TRUE
108;666;6,66863544688735e-02;FALSE;2,13989617924573e-08;5,48082108068519e-02;FALSE;TRUE
108;667;8,82641861706850e-06;TRUE;7,44127510425774e-04;3,49742310340364e-05;TRUE;TRUE
108;668;1,25981560069926e-02;TRUE;1,27205558041500e-04;1,15740874878705e-02;TRUE;TRUE
108;669;4,18450536783717e-03;TRUE;2,34735116360382e-03;0,00000000000000e+00;TRUE;TRUE
108;670;1,11837139739882e-01;FALSE;6,13616518175763e-06;1,10848694443762e-01;FALSE;TRUE
108;671;1,17517321740878e-03;TRUE;5,60087611665299e-05;1,04930486878506e-03;TRUE;TRUE
108;672;3,08794010055878e-01;FALSE;5,29973052863622e-03;2,78663606403526e-01;FALSE;TRUE
108;673;3,32494807130481e-02;TRUE;2,87638210809193e-03;2,79671780905848e-02;TRUE;TRUE
108;674;1,20253929888360e-04;TRUE;1,49360612838030e-03;5,19233529514962e-05;TRUE;TRUE
108;675;2,23113543901372e-01;FALSE;9,88507425154513e-04;2,10939009763981e-01;FALSE;TRUE
108;676;1,01976133063456e-02;TRUE;5,22543148538366e-04;6,80928363929710e-03;TRUE;TRUE
108;677;2,33732528287112e-01;FALSE;2,07859560996630e-03;2,38329759554030e-01;FALSE;TRUE
108;678;8,15695910734942e-04;TRUE;2,03084966654601e-04;1,22658406670222e-03;TRUE;TRUE
108;679;1,69170585574064e-02;TRUE;1,75233579438105e-02;8,58706044151265e-03;TRUE;TRUE
108;680;2,64220007482668e-01;FALSE;2,75486132868322e-06;0,00000000000000e+00;TRUE;TRUE
108;681;3,90603313525854e-01;FALSE;1,27232999521542e-04;3,78108998467232e-01;FALSE;TRUE
108;682;2,75100707743600e-01;FALSE;5,00513658573934e-05;2,64874824505564e-01;FALSE;TRUE
108;683;3,81224380496142e-04;TRUE;8,70297010955487e-04;3,20323805029845e-04;TRUE;TRUE
108;684;6,50058138375308e-05;TRUE;3,47408240456333e-04;8,36949576062384e-05;TRUE;TRUE
108;685;1,49084031396813e-05;TRUE;1,44190915649342e-05;1,90499760820192e-05;TRUE;TRUE
108;686;3,98645851005738e-04;TRUE;4,15052072637976e-10;2,30470098557068e-04;TRUE;TRUE
108;687;6,61267542641648e-02;FALSE;7,00543701670678e-05;5,13645942075403e-02;FALSE;TRUE
108;688;2,18445501232864e-02;TRUE;2,47845513345311e-07;2,05307091446216e-02;TRUE;TRUE
108;689;6,37329448447188e-03;TRUE;1,06320558852292e-04;7,83817182099439e-03;TRUE;TRUE
108;690;2,54924426833139e-02;TRUE;7,16762506294353e-04;2,04455584172504e-02;TRUE;TRUE
108;691;5,88295762461356e-03;TRUE;4,09190246501335e-01;4,59452023640225e-03;TRUE;FALSE
108;692;1,31709024508937e-04;TRUE;7,58622282474972e-04;6,85048635619695e-05;TRUE;TRUE
108;693;1,87366058841811e-01;FALSE;2,40114688301124e-03;0,00000000000000e+00;TRUE;TRUE
108;694;7,13572646700212e-03;TRUE;1,45748214464676e-06;6,25429700557542e-03;TRUE;TRUE
108;695;2,28366028928146e-02;TRUE;1,84613489683653e-02;2,03699052942374e-02;TRUE;TRUE
108;696;1,51898591712909e-04;TRUE;1,29749066468603e-04;0,00000000000000e+00;TRUE;TRUE
108;697;4,27421026202037e-01;FALSE;3,47573066934737e-06;4,14922271498838e-01;FALSE;TRUE
108;698;4,77901681095361e-02;TRUE;1,14146788746604e-03;0,00000000000000e+00;TRUE;TRUE
108;699;3,26839237904715e-03;TRUE;3,86912362902743e-05;2,67520795065657e-03;TRUE;TRUE
108;700;6,25974607230568e-07;TRUE;7,82538754603644e-02;3,75479265959023e-06;TRUE;FALSE
108;701;1,52807686492853e-02;TRUE;1,78262955349482e-06;9,50802958475064e-03;TRUE;TRUE
108;702;7,76086232547774e-02;FALSE;5,05644350589670e-06;6,75185427041496e-02;FALSE;TRUE
108;703;7,10340707618389e-09;TRUE;3,58822187475989e-07;1,06933602372423e-07;TRUE;TRUE
108;704;3,81100385312664e-03;TRUE;2,19544383369592e-03;2,43484730140459e-03;TRUE;TRUE
108;705;2,65233960510675e-03;TRUE;6,42182792005005e-10;1,82352217448891e-03;TRUE;TRUE
108;706;2,09299012540671e-06;TRUE;3,32740015392337e-06;2,18609290046029e-06;TRUE;TRUE
108;707;7,30651592614668e-03;TRUE;2,11896615432413e-06;0,00000000000000e+00;TRUE;TRUE
108;708;3,61109374988964e-02;TRUE;2,51334202160234e-02;2,52997824032851e-02;TRUE;TRUE
108;709;2,54993645885202e-04;TRUE;2,94037202267442e-02;1,83698785727806e-04;TRUE;TRUE
108;710;1,42787775350204e-03;TRUE;1,06599022977327e-04;0,00000000000000e+00;TRUE;TRUE
108;711;1,16226222254867e-03;TRUE;1,62020165182669e-02;5,48662265458331e-04;TRUE;TRUE
108;712;8,03380990208940e-03;TRUE;2,72649531705497e-04;4,79585553477576e-03;TRUE;TRUE
108;713;7,32778824401681e-01;FALSE;8,20750113597461e-05;7,35047959218420e-01;FALSE;TRUE
108;714;1,07628119501922e-03;TRUE;9,45328351545004e-08;1,24483423713079e-03;TRUE;TRUE
108;715;2,43314268922655e-02;TRUE;2,68501600852808e-07;1,80460830951673e-02;TRUE;TRUE
108;716;2,34735627136780e-01;FALSE;2,85293928594639e-05;2,24469892275777e-01;FALSE;TRUE
108;717;2,17788783858560e-05;TRUE;1,01827353450884e-03;1,77732368393481e-05;TRUE;TRUE
108;718;1,35012688953361e-03;TRUE;1,34923702057637e-01;1,94204712369028e-03;TRUE;FALSE
108;719;3,16554581721054e-03;TRUE;1,66576793024637e-02;2,25210591666864e-03;TRUE;TRUE
108;720;4,46984395528263e-04;TRUE;1,13730391793354e-05;1,81853539735073e-04;TRUE;TRUE
108;721;5,34299555334458e-04;TRUE;1,17316277302752e-04;6,41167927264287e-04;TRUE;TRUE
108;722;8,59736953764896e-02;FALSE;1,63108358343388e-06;6,94574083519588e-02;FALSE;TRUE
108;723;3,50453251288013e-02;TRUE;5,23743360823265e-04;3,50138689671167e-02;TRUE;TRUE
108;724;6,68302532819237e-03;TRUE;3,33743370688692e-06;5,90882210738699e-03;TRUE;TRUE
108;725;6,20833341163784e-02;FALSE;2,17950554242745e-02;6,43680857887796e-02;FALSE;TRUE
108;726;8,33280450265049e-01;FALSE;1,27556261927972e-06;8,33070459812388e-01;FALSE;TRUE
108;727;4,25522428653488e-07;TRUE;5,18800963421961e-03;2,93587679874385e-07;TRUE;TRUE
108;728;1,09464639888736e-04;TRUE;4,28242674807613e-02;7,20540302861786e-05;TRUE;TRUE
108;729;4,33508318927743e-06;TRUE;2,69266989241529e-03;8,10343985255562e-06;TRUE;TRUE
108;730;8,79024092506749e-08;TRUE;3,30556762629580e-02;4,22066445832189e-07;TRUE;TRUE
108;731;3,32495964101180e-01;FALSE;1,16359646168759e-06;3,30359474855370e-01;FALSE;TRUE
108;732;5,36082985699484e-05;TRUE;1,03377702164848e-05;1,28815083083897e-04;TRUE;TRUE
108;733;1,29028104578473e-05;TRUE;2,42389215903469e-02;2,92273762496281e-05;TRUE;TRUE
108;734;4,04190385498806e-02;TRUE;3,14843915933433e-08;3,45766048611527e-02;TRUE;TRUE
108;735;9,15428614124288e-05;TRUE;4,61720958429952e-08;7,42307352563429e-05;TRUE;TRUE
108;736;1,29009262192770e-03;TRUE;2,16072306803519e-07;6,54894381875368e-04;TRUE;TRUE
108;737;3,81682111287672e-06;TRUE;1,01247448607690e-03;6,11279458525404e-06;TRUE;TRUE
108;738;1,23965436779740e-03;TRUE;1,17638483030123e-06;9,19395429866541e-04;TRUE;TRUE
108;739;4,76974836077100e-01;FALSE;1,20111618258115e-03;4,76427222713651e-01;FALSE;TRUE
108;740;2,50510776979171e-04;TRUE;4,81959179871132e-05;0,00000000000000e+00;TRUE;TRUE
108;741;2,43472225773305e-01;FALSE;3,60215137680686e-05;2,41706844099251e-01;FALSE;TRUE
108;742;1,51658083800460e-04;TRUE;3,05428725212744e-02;1,22400976389500e-04;TRUE;TRUE
108;743;1,38352741618327e-01;FALSE;2,27854261345258e-03;1,20974749197516e-01;FALSE;TRUE
108;744;2,23113337531468e-02;TRUE;1,02701480143069e-04;1,94000151097130e-02;TRUE;TRUE
108;745;3,83408224188901e-02;TRUE;4,81263445293435e-03;3,92935441550843e-02;TRUE;TRUE
108;746;3,68902175907181e-06;TRUE;3,15739057497718e-07;7,19680882645938e-06;TRUE;TRUE
108;747;4,43061713940025e-03;TRUE;2,62622084070437e-10;5,22949604764141e-03;TRUE;TRUE
108;748;5,19488278384130e-01;FALSE;1,62890467551448e-07;4,97640118370169e-01;FALSE;TRUE
108;749;1,28117495854793e-02;TRUE;4,42982253818355e-03;1,03541127074748e-02;TRUE;TRUE
108;750;1,15001743624740e-02;TRUE;3,84784339997952e-03;1,00854663129749e-02;TRUE;TRUE
108;751;2,64379166091625e-03;TRUE;1,54274286308322e-01;4,11099623521225e-03;TRUE;FALSE
108;752;9,39113641182362e-05;TRUE;2,17580955776335e-01;2,77805419294353e-04;TRUE;FALSE
108;753;6,31362277222484e-03;TRUE;2,27706152476066e-06;4,19710520223177e-03;TRUE;TRUE
108;754;9,76323446649951e-03;TRUE;1,51188103515728e-02;7,72779147789221e-03;TRUE;TRUE
108;755;2,55907854941499e-02;TRUE;1,55651842773584e-06;2,11052009089507e-02;TRUE;TRUE
108;756;6,05337649761032e-02;FALSE;6,04278711006068e-06;6,33736872478429e-02;FALSE;TRUE
108;757;3,72153619611957e-02;TRUE;4,29607426245127e-06;4,21406123906872e-02;TRUE;TRUE
108;758;3,41608949195003e-01;FALSE;7,40049715217991e-08;3,31004740881240e-01;FALSE;TRUE
108;759;9,48751497520366e-03;TRUE;2,82747199553712e-04;0,00000000000000e+00;TRUE;TRUE
108;760;1,13192023617401e-01;FALSE;1,04000700459198e-04;9,17386595450616e-02;FALSE;TRUE
108;761;7,47655207586586e-05;TRUE;5,83527919754316e-04;1,28078565063664e-04;TRUE;TRUE
108;762;2,39138897987357e-02;TRUE;3,24215618011068e-09;0,00000000000000e+00;TRUE;TRUE
108;763;7,54745623479725e-03;TRUE;4,48333737150004e-05;4,97546630036905e-03;TRUE;TRUE
108;764;2,10618450954037e-06;TRUE;1,65062981918178e-02;2,20146705541968e-06;TRUE;TRUE
108;765;1,27772992464045e-03;TRUE;1,70111480245360e-02;5,06127961321483e-04;TRUE;TRUE
108;766;1,20293744808948e-02;TRUE;4,23734358149685e-03;1,14274135390452e-02;TRUE;TRUE
108;767;2,25133433677844e-02;TRUE;3,66413510873872e-05;2,42687458922701e-02;TRUE;TRUE
108;768;5,08226010378529e-03;TRUE;3,30578589789226e-04;5,13734477067221e-03;TRUE;TRUE
108;769;4,10233935728631e-02;TRUE;1,14755113273931e-04;3,86113077123253e-02;TRUE;TRUE
108;770;3,22649406888884e-04;TRUE;7,01699956705592e-08;1,71566486718033e-04;TRUE;TRUE
108;771;3,26055369290325e-04;TRUE;1,09419783963586e-02;0,00000000000000e+00;TRUE;TRUE
108;772;1,54293984586323e-02;TRUE;2,45687738675080e-07;1,36228507440561e-02;TRUE;TRUE
108;773;7,33093461514835e-02;FALSE;1,09909348310648e-01;0,00000000000000e+00;TRUE;FALSE
108;774;3,58321130900845e-05;TRUE;4,76609212586185e-05;2,54406532133008e-05;TRUE;TRUE
108;775;1,45291507908931e-02;TRUE;4,42860400016528e-06;1,25640855885100e-02;TRUE;TRUE
108;776;1,54097427226038e-05;TRUE;2,10718865054228e-05;1,82643777421315e-05;TRUE;TRUE
108;777;4,38300459617540e-04;TRUE;8,85139709073280e-07;5,08558882102382e-04;TRUE;TRUE
108;778;2,08795291163364e-02;TRUE;1,24147509710367e-02;1,63534976184825e-02;TRUE;TRUE
108;779;3,10654203035728e-02;TRUE;9,09130046885049e-04;2,79462264468944e-02;TRUE;TRUE
108;780;5,55553311989287e-02;FALSE;4,51590640027301e-04;5,80272013658391e-02;FALSE;TRUE
108;781;2,85102248389060e-02;TRUE;2,62609153113692e-06;2,05577471757812e-02;TRUE;TRUE
108;782;5,81892442028141e-02;FALSE;7,99458629929274e-04;5,37595269440292e-02;FALSE;TRUE
108;783;6,17323997234222e-02;FALSE;5,69403486062543e-04;6,14090695037470e-02;FALSE;TRUE
108;784;6,47881279379745e-02;FALSE;6,35950821885274e-03;6,94188682966278e-02;FALSE;TRUE
108;785;1,81159170133404e-03;TRUE;1,00991141533293e-08;1,40777523573409e-03;TRUE;TRUE
108;786;2,79669133132009e-01;FALSE;1,63198584616243e-06;2,71125959961422e-01;FALSE;TRUE
108;787;9,44797110347382e-02;FALSE;1,22162463900262e-01;9,64808156662446e-02;FALSE;FALSE
108;788;3,19674700909274e-03;TRUE;9,90574791944021e-05;2,52373230547151e-03;TRUE;TRUE
108;789;6,83014622897675e-02;FALSE;1,88850814452690e-01;6,36596184269630e-02;FALSE;FALSE
108;790;8,10151205151139e-05;TRUE;2,54711707672820e-03;7,87854992681498e-05;TRUE;TRUE
108;791;5,00423518076079e-03;TRUE;2,43147689702079e-03;5,99060826499631e-03;TRUE;TRUE
108;792;1,26584649417841e-02;TRUE;1,43382574791419e-03;8,75496215186253e-03;TRUE;TRUE
108;793;1,08907575741235e-03;TRUE;1,54174109021332e-05;9,96048619698500e-04;TRUE;TRUE
108;794;2,47708864303905e-02;TRUE;1,25397721013085e-08;2,19493244108607e-02;TRUE;TRUE
108;795;5,30693492270464e-03;TRUE;2,19450008802203e-03;3,92931368073144e-03;TRUE;TRUE
108;796;2,70209981320620e-02;TRUE;7,68563339426856e-03;3,03995845820641e-02;TRUE;TRUE
108;797;1,54995059855244e-03;TRUE;9,60076331671154e-05;1,27392981975756e-03;TRUE;TRUE
108;798;5,73415406117679e-03;TRUE;2,51641277879337e-02;5,22975131238270e-03;TRUE;TRUE
108;799;4,52819637343366e-02;TRUE;5,25033670380414e-12;4,13984606467416e-02;TRUE;TRUE
108;800;1,28363307827304e-04;TRUE;3,56964170590022e-04;4,69692770012927e-05;TRUE;TRUE
108;801;6,62756700324474e-03;TRUE;3,27872772925686e-03;4,40513753336940e-03;TRUE;TRUE
108;802;9,09938224593981e-02;FALSE;7,88070491254080e-05;8,52281323356101e-02;FALSE;TRUE
108;803;1,98890336078465e-03;TRUE;8,07023222382055e-04;2,17482732403565e-03;TRUE;TRUE
108;804;1,10066441111528e-03;TRUE;3,57610959094352e-06;1,06042623109010e-03;TRUE;TRUE
108;805;1,45239377901714e-03;TRUE;1,74117432162178e-04;2,00684524148115e-03;TRUE;TRUE
108;806;8,26495688195862e-02;FALSE;1,89784922413097e-04;8,26478687389027e-02;FALSE;TRUE
108;807;9,70351083479457e-04;TRUE;4,34733004159971e-03;4,80664449511642e-04;TRUE;TRUE
108;808;1,38153045852409e-01;FALSE;1,08799574482956e-04;1,32424336987400e-01;FALSE;TRUE
108;809;3,25718507624259e-02;TRUE;2,35390417864970e-04;2,84883087732449e-02;TRUE;TRUE
108;810;2,91408712703287e-03;TRUE;1,06619369484824e-06;2,52120355615874e-03;TRUE;TRUE
108;811;2,17315478076222e-02;TRUE;1,70809818313409e-06;0,00000000000000e+00;TRUE;TRUE
108;812;2,74616333150779e-01;FALSE;2,62618820062385e-04;2,63742094665226e-01;FALSE;TRUE
108;813;9,58576073590627e-04;TRUE;8,42676474565531e-04;7,13531368630424e-04;TRUE;TRUE
108;814;2,85438871117067e-02;TRUE;2,15000833015688e-03;0,00000000000000e+00;TRUE;TRUE
108;815;7,74329245622665e-04;TRUE;2,39658504134026e-07;6,59008162212025e-04;TRUE;TRUE
108;816;1,02026218607081e-02;TRUE;1,03560221409711e-01;1,05404606136685e-02;TRUE;FALSE
108;817;9,85955881985223e-03;TRUE;1,11292646440310e-04;1,11136378696825e-02;TRUE;TRUE
108;818;7,81111466816135e-04;TRUE;1,45482430986622e-01;5,64650497814150e-04;TRUE;FALSE
108;819;5,77684588705078e-03;TRUE;1,20565377808997e-03;6,25269889003374e-03;TRUE;TRUE
108;820;1,28066599695994e-05;TRUE;1,60322020158596e-05;1,07513628497395e-05;TRUE;TRUE
108;821;4,17894310404416e-01;FALSE;3,12367821043954e-06;4,15615170943319e-01;FALSE;TRUE
108;822;9,47125852905280e-03;TRUE;1,04593696585554e-03;1,23123999497780e-02;TRUE;TRUE
108;823;1,88074339299614e-01;FALSE;1,36403996173625e-01;1,87481890961814e-01;FALSE;FALSE
108;824;9,09168107212813e-03;TRUE;2,33705521369055e-05;6,81993304042535e-03;TRUE;TRUE
108;825;2,73849074938522e-01;FALSE;7,82822050864876e-04;2,71278404156765e-01;FALSE;TRUE
108;826;4,97692754632339e-03;TRUE;1,46000685566052e-03;4,68128118178929e-03;TRUE;TRUE
108;827;2,05762009559745e-03;TRUE;5,04972029502236e-04;1,47592425494396e-03;TRUE;TRUE
108;828;3,70798871057966e-04;TRUE;2,40128692219934e-03;3,51947832551646e-04;TRUE;TRUE
108;829;3,02856702410888e-03;TRUE;5,57129446660078e-02;3,31925468024608e-03;TRUE;FALSE
108;830;1,85430051120035e-06;TRUE;1,00198771423769e-02;0,00000000000000e+00;TRUE;TRUE
108;831;2,07006824365577e-03;TRUE;5,29857131369940e-06;2,28458198339999e-03;TRUE;TRUE
108;832;1,99747389163365e-03;TRUE;6,15243351853511e-02;1,73198739132310e-03;TRUE;FALSE
108;833;6,80969619265341e-03;TRUE;7,33435723635745e-05;7,85503041601348e-03;TRUE;TRUE
108;834;2,74052627775057e-03;TRUE;7,23260175034440e-04;2,46662260406900e-03;TRUE;TRUE
108;835;9,32379014930586e-04;TRUE;9,69162679682194e-06;1,68851137720227e-04;TRUE;TRUE
108;836;3,36715799810882e-03;TRUE;4,30181147236814e-02;6,24441696559746e-03;TRUE;TRUE
108;837;4,47629210270160e-06;TRUE;2,40772457187078e-03;5,25628687315976e-06;TRUE;TRUE
108;838;1,65249493010858e-01;FALSE;2,73564287819472e-02;1,67096903649892e-01;FALSE;TRUE
108;839;2,90217443996259e-05;TRUE;8,32074204828682e-05;2,79257160103802e-05;TRUE;TRUE
108;840;2,80780102345121e-02;TRUE;2,77839283173305e-05;2,78476484157155e-02;TRUE;TRUE
108;841;6,52255020958865e-02;FALSE;5,18436107636591e-04;5,11829964852687e-02;FALSE;TRUE
108;842;5,53554422148306e-03;TRUE;3,97430668574975e-03;5,18314323877336e-03;TRUE;TRUE
108;843;2,38507139949352e-01;FALSE;2,34026045881279e-05;0,00000000000000e+00;TRUE;TRUE
108;844;7,84589184361799e-03;TRUE;1,14697813353261e-07;1,04680100007742e-02;TRUE;TRUE
108;845;1,46816135742708e-01;FALSE;2,66454671633811e-08;1,45338666263069e-01;FALSE;TRUE
108;846;6,88548976790544e-06;TRUE;1,39178939721238e-04;2,62421272510531e-05;TRUE;TRUE
108;847;1,17811502152443e-02;TRUE;1,83856952784551e-07;1,22747849707275e-02;TRUE;TRUE
108;848;2,77171533707215e-02;TRUE;4,38328482249343e-02;2,46827535659025e-02;TRUE;TRUE
108;849;8,90479328492541e-02;FALSE;1,48705525397530e-06;8,72126253263371e-02;FALSE;TRUE
108;850;1,26729429424628e-04;TRUE;3,84517894775238e-03;1,38840736146229e-04;TRUE;TRUE
108;851;7,69031284791019e-03;TRUE;6,89901615366168e-03;9,61263707150875e-03;TRUE;TRUE
108;852;3,31788046477103e-02;TRUE;6,25891300474184e-04;2,78485928237944e-02;TRUE;TRUE
108;853;4,13926274892700e-02;TRUE;2,61643784841746e-08;0,00000000000000e+00;TRUE;TRUE
108;854;7,87775965403983e-03;TRUE;1,06728507384041e-02;1,06860842916033e-02;TRUE;TRUE
108;855;4,53350189735813e-02;TRUE;2,28494495277416e-06;4,50246000017085e-02;TRUE;TRUE
108;856;3,23072225599324e-02;TRUE;5,49960103619494e-04;0,00000000000000e+00;TRUE;TRUE
108;857;1,77715459921202e-03;TRUE;6,40028887848296e-05;2,16287323695665e-03;TRUE;TRUE
108;858;1,36301408359860e-02;TRUE;3,25524739513382e-03;1,46021486624681e-02;TRUE;TRUE
108;859;7,70557183369389e-02;FALSE;6,96638337860952e-05;7,59368620388269e-02;FALSE;TRUE
108;860;1,29118006198257e-04;TRUE;2,91309052771611e-06;2,77753925903225e-04;TRUE;TRUE
108;861;2,68188760938330e-02;TRUE;3,19817383501029e-02;3,18307621526007e-02;TRUE;TRUE
108;862;6,01036451194599e-04;TRUE;3,40398173073282e-07;1,21041074189808e-03;TRUE;TRUE
108;863;1,53105143598671e-04;TRUE;2,06184654140040e-03;3,90257024556041e-04;TRUE;TRUE
108;864;1,15061129041696e-01;FALSE;1,85940891794230e-07;1,04887137561454e-01;FALSE;TRUE
108;865;5,68780508087993e-02;FALSE;2,34772407661022e-04;4,29664487239415e-02;TRUE;TRUE
108;866;6,83596597746900e-06;TRUE;1,17827392704618e-06;6,87080375560110e-06;TRUE;TRUE
108;867;2,69969229336599e-04;TRUE;3,54109585932486e-03;2,26216382876867e-04;TRUE;TRUE
108;868;2,12296195224728e-03;TRUE;2,39335376846988e-03;1,78590002220399e-03;TRUE;TRUE
108;869;2,94317058356837e-02;TRUE;2,07822865007932e-02;2,24885025825983e-02;TRUE;TRUE
108;870;6,65873959585057e-04;TRUE;5,13109459029292e-02;1,29864135412873e-03;TRUE;FALSE
108;871;6,40908398914284e-05;TRUE;3,83043779238175e-05;3,63800844041946e-05;TRUE;TRUE
108;872;2,84315098929477e-05;TRUE;4,48233162185309e-07;2,06399429250646e-05;TRUE;TRUE
108;873;5,87811831271552e-02;FALSE;8,04102168386289e-06;4,89858273518491e-02;TRUE;TRUE
108;874;7,88676668890939e-04;TRUE;2,16447425080547e-05;4,72133962695772e-04;TRUE;TRUE
108;875;5,82799847569254e-02;FALSE;1,09585666334387e-05;5,27122313759348e-02;FALSE;TRUE
108;876;4,98815792287387e-04;TRUE;1,18563343796681e-03;5,13857505925053e-04;TRUE;TRUE
108;877;4,60827908875080e-03;TRUE;2,77091070980957e-04;5,26540368230764e-03;TRUE;TRUE
108;878;1,12950862770725e-04;TRUE;2,79317807286810e-03;0,00000000000000e+00;TRUE;TRUE
108;879;4,20950433068135e-02;TRUE;2,01423982590216e-04;3,16841899776185e-02;TRUE;TRUE
108;880;1,52219092292725e-03;TRUE;4,53687921689892e-03;9,47719772800807e-04;TRUE;TRUE
108;881;4,02051868760794e-04;TRUE;7,68352004837491e-06;2,58944607939790e-04;TRUE;TRUE
108;882;1,04261847841160e-04;TRUE;1,02806032960035e-05;1,10067382638658e-04;TRUE;TRUE
108;883;5,47236309563306e-06;TRUE;1,07826294260727e-01;1,25146586263604e-04;TRUE;FALSE
108;884;6,50056937236942e-04;TRUE;2,34518823537837e-05;4,77646810096997e-04;TRUE;TRUE
108;885;6,05216690474996e-05;TRUE;3,80331173145030e-03;2,88111228441170e-04;TRUE;TRUE
108;886;8,77079623137072e-04;TRUE;2,99859774773143e-04;1,60669556034724e-03;TRUE;TRUE
108;887;2,05089090742663e-02;TRUE;7,62298702136801e-05;2,14519104169426e-02;TRUE;TRUE
108;888;7,14800615725124e-03;TRUE;2,99176769019978e-12;8,48307233962619e-03;TRUE;TRUE
108;889;8,90856071258065e-02;FALSE;3,22804640692984e-05;0,00000000000000e+00;TRUE;TRUE
108;890;2,07221126473180e-03;TRUE;6,75905142286257e-04;1,40744069717309e-03;TRUE;TRUE
108;891;2,48982882930054e-03;TRUE;4,42103753440386e-04;1,72838554248155e-03;TRUE;TRUE
108;892;2,28007605730070e-02;TRUE;1,86268937563243e-03;2,03126277983760e-02;TRUE;TRUE
108;893;7,65497073022713e-04;TRUE;6,79760331320224e-03;1,33876022881990e-03;TRUE;TRUE
108;894;3,44068068732457e-02;TRUE;7,49236094126955e-04;4,02776059140578e-02;TRUE;TRUE
108;895;1,09151517732608e-03;TRUE;1,90715338956329e-05;3,41173631051236e-04;TRUE;TRUE
108;896;9,97376450871512e-04;TRUE;2,18246029784822e-03;1,01837268787499e-03;TRUE;TRUE
108;897;3,25287592503611e-03;TRUE;1,51407145770142e-05;0,00000000000000e+00;TRUE;TRUE
108;898;6,59831353717503e-03;TRUE;9,89523114453035e-04;6,28871636269369e-03;TRUE;TRUE
108;899;9,16010379334106e-04;TRUE;1,65774048492425e-04;7,03876503884593e-04;TRUE;TRUE
108;900;2,96326124575567e-02;TRUE;1,91807531515401e-03;2,23353439130432e-02;TRUE;TRUE
108;901;1,00268051588402e-02;TRUE;4,26376908621164e-04;0,00000000000000e+00;TRUE;TRUE
108;902;4,15694059705529e-03;TRUE;3,11089132057326e-05;4,46067120411033e-03;TRUE;TRUE
108;903;2,28446576696004e-04;TRUE;9,10848656401194e-05;1,60649791936037e-04;TRUE;TRUE
108;904;2,27770533176274e-05;TRUE;8,78265123550653e-05;0,00000000000000e+00;TRUE;TRUE
108;905;5,55385910336456e-07;TRUE;3,91278204267676e-01;7,48831277044527e-06;TRUE;FALSE
108;906;3,90389748986731e-04;TRUE;9,35458147488941e-06;0,00000000000000e+00;TRUE;TRUE
108;907;2,76719522952638e-03;TRUE;1,42356566242027e-02;0,00000000000000e+00;TRUE;TRUE
108;908;3,41303546096337e-01;FALSE;2,23519780655083e-06;3,38780531317660e-01;FALSE;TRUE
108;909;4,30168438676612e-05;TRUE;3,48275193801866e-07;2,04232074470235e-05;TRUE;TRUE
108;910;9,71895390539516e-02;FALSE;1,17104534570454e-05;9,68032853273545e-02;FALSE;TRUE
108;911;6,53655194357442e-04;TRUE;6,05892303854958e-04;7,57563874082908e-04;TRUE;TRUE
108;912;2,92407630907414e-03;TRUE;3,22406376328473e-09;2,17735699216120e-03;TRUE;TRUE
108;913;5,37518169724086e-05;TRUE;1,06267813399196e-03;5,79326074033935e-05;TRUE;TRUE
108;914;3,81339557500893e-02;TRUE;1,77364920121642e-03;3,70977362997054e-02;TRUE;TRUE
108;915;1,18978092078020e-01;FALSE;6,37526412877880e-05;1,03556790429111e-01;FALSE;TRUE
108;916;1,21321545669227e-03;TRUE;4,38539933447427e-05;1,22786800504871e-03;TRUE;TRUE
108;917;4,55191680976637e-05;TRUE;6,00175535150103e-03;7,25067729349252e-05;TRUE;TRUE
108;918;8,88047816607674e-04;TRUE;7,73786607665954e-03;3,77363249889437e-04;TRUE;TRUE
108;919;5,19450559758014e-02;FALSE;2,34946747330074e-05;4,86886597677218e-02;TRUE;TRUE
108;920;2,42329372516956e-05;TRUE;2,99016082850988e-07;2,53231851490477e-05;TRUE;TRUE
108;921;3,33052466998767e-05;TRUE;1,50889821107053e-04;0,00000000000000e+00;TRUE;TRUE
108;922;2,78358093906768e-04;TRUE;1,95019063744918e-06;2,00046224448398e-04;TRUE;TRUE
108;923;9,04622955703223e-04;TRUE;2,69504079901088e-02;8,24933282435246e-04;TRUE;TRUE
108;924;4,29128848307484e-02;TRUE;9,34067744384427e-06;3,73397037608130e-02;TRUE;TRUE
108;925;1,09184685564759e-03;TRUE;1,77364366907983e-03;7,28830989180913e-04;TRUE;TRUE
108;926;1,21782172284487e-03;TRUE;1,46101225059760e-04;1,00765968520842e-03;TRUE;TRUE
108;927;2,14639477653310e-01;FALSE;2,38852577017152e-03;2,15349806651151e-01;FALSE;TRUE
108;928;6,03363614363641e-05;TRUE;5,44315053580528e-05;0,00000000000000e+00;TRUE;TRUE
108;929;2,07525835670873e-04;TRUE;2,75021540301089e-05;1,20022443077506e-04;TRUE;TRUE
108;930;2,40156534186810e-01;FALSE;1,92963780487265e-01;2,39368615434108e-01;FALSE;FALSE
108;931;1,00568192970183e-01;FALSE;6,92836253289475e-03;1,03327542994418e-01;FALSE;TRUE
108;932;3,18540948294856e-02;TRUE;2,87612448923594e-03;2,73780484384859e-02;TRUE;TRUE
108;933;6,29462577413274e-04;TRUE;1,77007892160235e-05;3,75195545910516e-04;TRUE;TRUE
108;934;6,09010574718829e-03;TRUE;7,10735940214944e-03;0,00000000000000e+00;TRUE;TRUE
108;935;5,67068902166151e-03;TRUE;9,01888944367063e-04;0,00000000000000e+00;TRUE;TRUE
108;936;1,10779793902783e-01;FALSE;3,20125200165697e-04;0,00000000000000e+00;TRUE;TRUE
108;937;8,16085320326615e-03;TRUE;6,04012955869910e-04;9,78764324196356e-03;TRUE;TRUE
108;938;2,19110980889809e-03;TRUE;7,66993296578361e-03;1,92880230130722e-03;TRUE;TRUE
108;939;2,66386065583033e-02;TRUE;2,62931502546245e-10;2,52720052089467e-02;TRUE;TRUE
108;940;5,73041611979590e-03;TRUE;3,24178691737741e-04;5,45281239107145e-03;TRUE;TRUE
108;941;1,15341426930630e-05;TRUE;8,99151719905972e-04;2,26083007273106e-05;TRUE;TRUE
108;942;1,17165243388330e-01;FALSE;6,73522349694544e-03;1,15806084822030e-01;FALSE;TRUE
108;943;7,80853566795744e-01;FALSE;8,66187173354743e-04;7,81086639392456e-01;FALSE;TRUE
108;944;1,41810614399847e-03;TRUE;1,11204189237434e-04;2,19858445965718e-03;TRUE;TRUE
108;945;2,37188465833622e-01;FALSE;1,08772305693890e-05;2,22869545135570e-01;FALSE;TRUE
108;946;4,70329781773135e-02;TRUE;3,35871061994990e-04;5,90250420163870e-02;FALSE;TRUE
108;947;1,00255119412902e-03;TRUE;9,70633916661552e-03;1,31235587904624e-03;TRUE;TRUE
108;948;1,77743214870287e-03;TRUE;6,32339303883951e-05;7,40332533028537e-04;TRUE;TRUE
108;949;1,04296446665906e-03;TRUE;5,24643452061670e-07;8,92477048949686e-04;TRUE;TRUE
108;950;1,36440898083937e-03;TRUE;7,68098850000501e-02;1,53416895668217e-03;TRUE;FALSE
108;951;6,63085850633896e-05;TRUE;1,24079218176598e-06;4,18729404259340e-05;TRUE;TRUE
108;952;8,18553174967607e-02;FALSE;4,57048318386622e-03;8,52579169246413e-02;FALSE;TRUE
108;953;4,33571767919833e-02;TRUE;1,04412588925123e-04;4,02489330847620e-02;TRUE;TRUE
108;954;1,98431357484091e-05;TRUE;1,26530541365469e-03;6,85103360181751e-05;TRUE;TRUE
108;955;4,21603913537345e-05;TRUE;2,43780787307505e-04;0,00000000000000e+00;TRUE;TRUE
108;956;9,68909276488148e-05;TRUE;5,93313292518662e-07;1,44385957871197e-04;TRUE;TRUE
108;957;1,18522572580606e-02;TRUE;6,63781171961878e-07;1,26929683395385e-02;TRUE;TRUE
108;958;8,35266929001587e-02;FALSE;2,04923464127155e-05;8,20539758403715e-02;FALSE;TRUE
108;959;2,92582581116251e-03;TRUE;2,91924113722217e-03;2,44512713142075e-03;TRUE;TRUE
108;960;1,62994278898401e-03;TRUE;3,84478077713256e-07;1,45119542974603e-03;TRUE;TRUE
108;961;5,13700274913718e-04;TRUE;2,16175162905312e-06;6,33085766871205e-04;TRUE;TRUE
108;962;1,56771109744846e-01;FALSE;5,59011686983804e-03;1,43078329304634e-01;FALSE;TRUE
108;963;6,30398864165357e-03;TRUE;9,14388516510704e-03;9,55845774507310e-03;TRUE;TRUE
108;964;2,79933946570655e-04;TRUE;7,25110827201402e-06;1,30069335293704e-04;TRUE;TRUE
108;965;2,48661776340070e-04;TRUE;5,13095372067642e-06;8,55208769268188e-05;TRUE;TRUE
108;966;2,54514745999660e-03;TRUE;1,26969563355840e-03;2,17620202682608e-03;TRUE;TRUE
108;967;5,74525095283983e-02;FALSE;6,21170852470810e-06;5,31388833190439e-02;FALSE;TRUE
108;968;3,34116859222539e-03;TRUE;1,10401782762545e-05;1,49730706839676e-03;TRUE;TRUE
108;969;9,87483378746691e-03;TRUE;1,60470396057657e-05;6,89881353537442e-03;TRUE;TRUE
108;970;2,06680953029793e-04;TRUE;4,83552316666315e-05;8,99468657589970e-05;TRUE;TRUE
108;971;1,96598943475507e-01;FALSE;1,99524035326345e-09;1,80169640595796e-01;FALSE;TRUE
108;972;3,48819906432256e-05;TRUE;5,62866638801183e-03;1,61190767142635e-05;TRUE;TRUE
108;973;7,65865520970094e-04;TRUE;4,03612782628382e-04;6,45603041232263e-04;TRUE;TRUE
108;974;1,02051971300147e-05;TRUE;9,85954263874190e-04;6,47591445077206e-06;TRUE;TRUE
108;975;8,38238361287582e-03;TRUE;4,80745143136930e-04;6,90454511659809e-03;TRUE;TRUE
108;976;4,41427653821427e-05;TRUE;4,65939524869978e-05;9,83714798160879e-05;TRUE;TRUE
108;977;1,04132314257942e-03;TRUE;1,95379359977893e-03;1,98666646122729e-03;TRUE;TRUE
108;978;1,56488960180841e-01;FALSE;1,31999299595523e-03;1,48895725496618e-01;FALSE;TRUE
108;979;8,72274706196611e-02;FALSE;3,42691770805395e-06;9,05248590896199e-02;FALSE;TRUE
108;980;1,19660227780643e-03;TRUE;9,60648904027079e-07;6,31620588425133e-04;TRUE;TRUE
108;981;1,67154659546691e-03;TRUE;6,20139276300510e-06;6,64591213035312e-04;TRUE;TRUE
108;982;1,89305343439659e-01;FALSE;1,25335332075615e-04;0,00000000000000e+00;TRUE;TRUE
108;983;2,03321698551123e-06;TRUE;9,30430661747784e-05;1,59080051643236e-06;TRUE;TRUE
108;984;1,80587089269751e-04;TRUE;7,24474351352627e-06;7,54224642757138e-05;TRUE;TRUE
108;985;2,52654148510187e-02;TRUE;1,05201176095710e-03;2,09010275082834e-02;TRUE;TRUE
108;986;5,18364748097957e-02;FALSE;3,28412968824224e-02;0,00000000000000e+00;TRUE;TRUE
108;987;2,14847394495680e-01;FALSE;1,43392722308028e-04;1,99780099271438e-01;FALSE;TRUE
108;988;9,00944533241038e-04;TRUE;6,44456037522965e-08;6,79727450631072e-04;TRUE;TRUE
108;989;5,31978198939000e-02;FALSE;1,82487865442504e-06;4,88437297728700e-02;TRUE;TRUE
108;990;3,93190071978301e-07;TRUE;1,37328916221252e-03;4,69783790602295e-07;TRUE;TRUE
108;991;1,09379502537644e-04;TRUE;1,89369425898496e-04;1,25728551069189e-04;TRUE;TRUE
108;992;9,09776125690775e-04;TRUE;1,42850377098488e-04;9,28835813563972e-04;TRUE;TRUE
108;993;7,49788752520778e-04;TRUE;5,06691702510274e-03;7,39865277219799e-04;TRUE;TRUE
108;994;5,47779223318600e-03;TRUE;6,56617523654327e-07;4,65369010497255e-03;TRUE;TRUE
108;995;7,30434398189999e-03;TRUE;2,11561740293253e-05;4,55935178879143e-03;TRUE;TRUE
108;996;2,66039492046778e-03;TRUE;8,87344033775694e-06;2,96998665571334e-03;TRUE;TRUE
108;997;5,83770460860167e-04;TRUE;1,52835865159293e-05;9,36152247753615e-04;TRUE;TRUE
108;998;6,24284204548846e-05;TRUE;9,74323748028769e-03;0,00000000000000e+00;TRUE;TRUE
108;999;1,21415311148521e-03;TRUE;1,12778442411767e-05;1,08589603563556e-03;TRUE;TRUE
108;1000;5,29006066451293e-02;FALSE;1,03188104746723e-07;4,92782909742406e-02;TRUE;TRUE
